Date,Oil_future,Oil_future_volume,Oil_spot,LNG_spot,LNG_future,LNG_future_volume,VIX,Gold_future,DJI_GI,SPX_GI,SH,EEM,Dollar_future,XLK,DJC_E,DJC,DJ_oil_index,DJ_trans,DJ_oil_gas_index,Unemployment
2022-01-31,88.14 ,"30,045.00 ",90.89 ,6.25 ,4.9070 ,147383.0000,24.83,1796.40,35131.8594,4515.5498,3361.4397,48.79,96.537,161.970001,143.2072,1023.63,9277.18,15282.83,547.02,4
2022-01-28,87.32 ,"38,246.00 ",90.14 ,19.64 ,4.6900 ,248586.0000,27.66,1791.10,34725.4688,4431.8501,3361.4397,47.57,97.266,158,141.3844,1017.3,9248.89,15048.62,543.78,4
2022-01-27,87.35 ,"42,040.00 ",90.21 ,8.50 ,4.3380 ,173966.0000,30.49,1791.10,34160.7813,4326.5098,3394.2474,47.26,97.242,151.380005,139.904,1011.14,9212.21,14809.93,546.1,4
2022-01-26,87.25 ,"49,180.00 ",89.35 ,11.92 ,4.0000 ,142292.0000,31.96,1814.40,34168.0898,4349.9302,3455.6679,47.90,96.4,152.429993,139.8817,1015.94,9098.07,15028.61,540.37,4
2022-01-25,85.28 ,"58,963.00 ",87.36 ,16.71 ,4.0380 ,21239.0000,31.16,1839.40,34297.7305,4356.4502,3433.0612,48.28,95.928,151.539993,136.7949,1004.78,9132.75,15181.39,541.4,4
2022-01-24,81.93 ,"50,393.00 ",87.99 ,7.11 ,3.9640 ,41930.0000,29.90,1844.30,34364.5000,4410.1299,3524.1050,48.37,95.901,155.130005,133.9103,994.39,8774.7,15435.92,522.02,4
2022-01-21,84.81 ,"44,796.00 ",87.46 ,14.50 ,3.9600 ,66699.0000,28.85,1835.90,34265.3711,4397.9399,3522.5679,49.02,95.636,154.330002,136.2164,1003.51,8692.91,15247.28,519.16,4
2022-01-20,84.64 ,"52,051.00 ",88.56 ,18.11 ,3.8400 ,87839.0000,25.59,1839.90,34715.3906,4482.7300,3555.0629,49.70,95.725,157.460007,136.4744,1007.69,8969.41,15521.64,529.65,4
2022-01-19,86.92 ,"5,955.00 ",88.50 ,15.96 ,4.0190 ,107261.0000,23.85,1837.20,35028.6484,4532.7598,3558.1796,49.39,95.5,159.520004,137.1751,1003.88,9188.75,15588.08,534.84,4
2022-01-18,86.61 ,"17,935.00 ",88.09 ,6.12 ,4.3320 ,111598.0000,22.79,1804.80,35368.4688,4577.1099,3569.9144,49.25,95.723,161.779999,136.4135,990.42,9289.87,15657.47,539.14,4
2022-01-14,84.09 ,"36,389.00 ",85.47 ,12.02 ,4.2280 ,102349.0000,19.19,1814.20,35911.8086,4662.8501,3521.2559,50.12,95.161,165.759995,134.4479,985.04,9350.38,15904.96,538,4
2022-01-13,81.62 ,"27,032.00 ",84.72 ,12.46 ,4.2630 ,209204.0000,20.31,1811.80,36113.6211,4659.0298,3555.2585,50.09,94.775,164.369995,132.0291,980.72,9084.49,16004.57,525.61,4
2022-01-12,82.82 ,"30,538.00 ",84.35 ,5.34 ,4.7830 ,194742.0000,17.62,1825.10,36290.3203,4726.3501,3597.4321,50.63,94.901,168.740005,133.6892,993.12,9177.49,15971.1,529.22,4
2022-01-11,81.42 ,"32,450.00 ",82.13 ,5.45 ,4.2180 ,107939.0000,18.41,1822.80,36252.0195,4713.0698,3567.4409,49.92,95.625,167.949997,131.1845,978.85,9073.47,15990.86,527.95,4
2022-01-10,78.44 ,"29,519.00 ",81.75 ,12.41 ,4.1110 ,157312.0000,19.40,1801.20,36068.8711,4670.2900,3593.5187,48.94,95.99,165.960007,127.0498,961.29,8772.63,16018.58,511.07,4
2022-01-07,79.00 ,"36,077.00 ",82.16 ,8.80 ,3.9350 ,120610.0000,18.76,1797.70,36231.6602,4677.0298,3579.5427,48.80,95.722,165.929993,127.902,967,8792.01,16268.77,512.56,4
2022-01-06,79.60 ,"28,368.00 ",80.81 ,16.29 ,3.8520 ,113269.0000,19.61,1790.30,36236.4688,4696.0498,3586.0792,48.54,96.326,167.470001,128.3896,961.95,8689.14,16345.25,505.85,4
2022-01-05,77.27 ,"26,829.00 ",80.08 ,7.66 ,3.8420 ,93798.0000,19.73,1807.90,36407.1094,4700.5801,3595.1761,48.37,96.182,168.320007,126.6533,965.1,8425.77,16344.15,494.86,4
2022-01-04,77.18 ,"23,421.00 ",78.94 ,5.62 ,3.7520 ,126959.0000,16.91,1816.30,36799.6484,4793.5400,3632.3289,49.04,96.274,173.660004,124.8557,959.83,8553.88,16579.59,496.08,4
2022-01-03,76.15 ,"18,536.00 ",78.02 ,8.50 ,3.8160 ,95332.0000,16.60,1801.30,36585.0586,4796.5601,3639.7754,49.22,96.211,175.520004,123.635,948.99,8222.44,16302.79,480.46,4
2021-12-30,76.60 ,"11,285.00 ",78.33 ,3.57 ,3.5970 ,118077.0000,17.33,1816.80,36398.0781,4778.7300,3619.1886,49.00,95.964,174.720001,124.1183,949.87,7976.27,16380.55,465.45,4
2021-12-29,76.60 ,"17,208.00 ",78.17 ,2.50 ,3.8440 ,138161.0000,16.95,1799.30,36488.6289,4793.0601,3597.0002,48.50,95.926,175.880005,124.1575,955,8086.61,16466.21,468.55,4
2021-12-28,76.08 ,"14,329.00 ",77.39 ,2.57 ,3.8900 ,107342.0000,17.54,1805.40,36398.2109,4786.3501,3630.1115,48.77,96.203,175.729996,123.6086,952.53,8115.12,16390.95,471.47,4
2021-12-27,76.07 ,"14,390.00 ",75.63 ,2.80 ,4.0500 ,35630.0000,17.68,1811.20,36302.3789,4791.1899,3615.9741,48.87,96.086,176.649994,123.1343,954.16,8134.29,16388.69,472.29,4
2021-12-23,73.73 ,"22,604.00 ",75.16 ,2.62 ,3.7330 ,77267.0000,17.96,1808.10,35950.5586,4725.7900,3643.3391,48.75,95.985,172.940002,120.0292,941.22,7871.44,16186.96,462.28,4
2021-12-22,73.04 ,"20,725.00 ",73.99 ,4.18 ,3.9730 ,81983.0000,18.63,1803.80,35753.8906,4696.5601,3622.6178,48.45,96.059,171.979996,118.8812,937.82,7878.54,15961.74,461.73,4
2021-12-21,71.20 ,"24,320.00 ",72.18 ,4.82 ,3.8700 ,118639.0000,21.01,1793.90,35492.6992,4649.2300,3625.1251,48.26,96.489,169.759995,116.5895,923.13,7836.88,15963.15,459.42,4
2021-12-20,69.20 ,"31,262.00 ",70.94 ,4.00 ,3.8380 ,121432.0000,22.87,1788.20,34932.1602,4568.0200,3593.6019,47.41,96.545,165.570007,112.729,906.22,7532.73,15585.27,446.21,4
2021-12-17,70.88 ,"4,602.00 ",74.23 ,3.93 ,3.6690 ,93151.0000,21.57,1795.50,35365.4414,4620.6401,3632.3638,48.32,96.548,167.880005,115.5661,915.74,7631.13,15828.97,451.99,4
2021-12-16,72.02 ,"26,690.00 ",74.66 ,2.90 ,3.7800 ,113045.0000,20.57,1799.00,35897.6406,4668.6699,3675.0160,48.47,96.015,169.009995,117.8856,920.81,7792.15,16001.33,461.42,4
2021-12-15,71.44 ,"25,478.00 ",73.12 ,2.99 ,3.8240 ,102750.0000,19.29,1774.40,35927.4297,4709.8501,3647.6303,48.46,96.482,173.940002,115.8365,904.89,7758.86,16104,459.2,4
2021-12-14,70.26 ,"29,586.00 ",74.28 ,2.99 ,3.7870 ,109374.0000,21.89,1769.80,35544.1797,4634.0898,3661.5253,48.58,96.538,169.449997,115.6012,909.76,7769.64,16008,460.8,4
2021-12-13,71.17 ,"31,569.00 ",75.04 ,3.43 ,3.8260 ,130742.0000,20.31,1785.50,35650.9492,4668.9702,3681.0820,48.62,96.345,172.279999,116.5591,913.28,7835.91,16210.82,462.84,4
2021-12-10,72.00 ,"22,931.00 ",74.07 ,2.95 ,3.8880 ,105807.0000,18.69,1781.50,35970.9883,4712.0200,3666.3479,50.12,96.1,174.880005,117.6073,917.62,8119.67,16404.67,475.84,4
2021-12-09,70.62 ,"21,773.00 ",75.41 ,3.20 ,3.7920 ,108203.0000,21.58,1774.60,35754.6914,4667.4502,3673.0412,50.16,96.252,171.440002,116.6697,913.81,8039.74,16327.07,472.59,4
2021-12-08,72.60 ,"26,437.00 ",75.13 ,3.57 ,3.8170 ,114164.0000,19.90,1781.30,35754.7500,4701.2100,3637.5675,50.24,95.881,173.309998,118.4055,920.54,8186.04,16304.8,477.79,4
2021-12-07,71.92 ,"31,794.00 ",74.61 ,5.74 ,3.7330 ,132373.0000,21.89,1782.70,35719.4297,4686.7500,3595.0882,50.06,96.37,172.520004,117.4852,915.46,8207.84,16355.42,477.8,4
2021-12-06,70.04 ,"19,840.00 ",71.41 ,3.94 ,3.6830 ,157987.0000,27.18,1777.40,35227.0313,4591.6699,3589.3061,49.28,96.33,166.699997,113.8129,905.94,7942.11,16327.63,466.84,4
2021-12-03,66.32 ,"25,916.00 ",71.61 ,3.70 ,4.0940 ,118448.0000,30.67,1781.20,34580.0781,4538.4302,3607.4322,48.94,96.114,165.130005,110.3256,900.72,7778.05,15967.24,459.5,4
2021-12-02,67.36 ,"44,180.00 ",70.03 ,4.03 ,4.1120 ,136008.0000,27.95,1767.80,34639.7891,4577.1001,3573.8358,49.80,96.158,167.940002,110.1766,895.59,7854.77,15949.23,463.76,4
2021-12-01,65.62 ,"39,197.00 ",71.63 ,3.88 ,4.2690 ,159533.0000,31.12,1780.40,34022.0391,4513.0400,3576.8853,48.94,96.024,166.410004,109.5066,893.1,7618.84,15493.55,451.21,3.9
2021-11-30,66.98 ,"35,452.00 ",71.01 ,4.38 ,4.6070 ,160919.0000,27.19,1772.60,34483.7188,4567.0000,3563.8872,48.77,96.007,168.720001,110.2925,893.86,7804.73,15843.15,456.66,3.9
2021-11-29,70.11 ,"31,262.00 ",74.20 ,5.71 ,4.8810 ,156448.0000,22.96,1782.90,35135.9414,4655.2700,3562.6968,49.15,96.338,170.139999,116.3321,918.04,8020.54,16362.01,468.73,3.9
2021-11-24,78.33 ,"23,959.00 ",81.75 ,5.26 ,5.0400 ,34171.0000,18.58,1784.30,35804.3789,4701.4600,3592.7025,50.57,96.872,170.240005,129.0432,960.75,8388.71,16826.22,485.58,3.9
2021-11-23,78.44 ,"48,912.00 ",79.40 ,4.91 ,5.0100 ,44929.0000,19.38,1791.70,35813.8008,4690.7002,3589.0894,50.61,96.494,169.009995,129.029,959.26,8260.88,16874.53,480.4,3.9
2021-11-22,76.45 ,"34,357.00 ",78.90 ,7.29 ,4.7880 ,89500.0000,19.17,1804.30,35619.2500,4682.9399,3582.0797,50.56,96.544,169.399994,125.7222,952.65,7957.93,16739.03,466.78,3.9
2021-11-19,75.71 ,"47,309.00 ",80.32 ,4.79 ,5.0770 ,101112.0000,17.91,1844.10,35601.9805,4697.9600,3560.3734,51.02,96.028,171.309998,124.7019,950.69,7801.49,16517.46,459.63,3.9
2021-11-18,78.98 ,"1,996.00 ",79.37 ,4.91 ,4.9040 ,105531.0000,17.59,1856.40,35870.9492,4704.5400,3520.7106,51.08,95.542,170.070007,128.2427,955,8159.49,16496.69,476.27,3.9
2021-11-17,78.20 ,"14,680.00 ",81.10 ,4.48 ,4.8880 ,136398.0000,17.11,1869.90,35931.0508,4688.6699,3537.3662,51.65,95.829,168.389999,126.9714,954.17,8130.23,16550.01,478.6,3.9
2021-11-16,80.70 ,"32,861.00 ",82.01 ,4.65 ,5.1500 ,136124.0000,16.37,1850.70,36142.2188,4700.8999,3521.7867,52.02,95.911,168.899994,130.7283,959.37,8335.28,16791.41,487.23,3.9
2021-11-15,80.92 ,"27,851.00 ",80.90 ,4.62 ,5.0520 ,112933.0000,16.49,1863.80,36087.4492,4682.7998,3533.3026,51.81,95.405,167.139999,129.8342,961.2,8367.9,16779.68,486.61,3.9
2021-11-12,80.68 ,"28,603.00 ",81.70 ,4.53 ,4.7780 ,130776.0000,16.29,1868.20,36100.3086,4682.8501,3539.1002,51.93,95.128,167.309998,129.5809,959.87,8330.39,16759.85,483.17,3.9
2021-11-11,81.16 ,"36,866.00 ",81.99 ,4.09 ,5.1260 ,125440.0000,17.66,1862.40,35921.2305,4649.2700,3532.7858,51.75,95.175,165.300003,131.3815,959.54,8345.99,16708.48,484.69,3.9
2021-11-10,81.43 ,"39,495.00 ",83.69 ,3.76 ,4.9190 ,163057.0000,18.73,1853.90,36079.9414,4646.7100,3492.4616,51.13,94.838,164.529999,131.0317,951.2,8284.31,16588.03,482.18,3.9
2021-11-09,84.59 ,"39,267.00 ",82.64 ,4.05 ,4.9670 ,192311.0000,17.78,1832.50,36319.9805,4685.2500,3507.0018,51.26,93.956,167.289993,134.7844,954.61,8601.5,16655.47,496.86,3.9
2021-11-08,82.20 ,"27,833.00 ",82.34 ,4.68 ,5.4140 ,146517.0000,17.22,1825.00,36432.2188,4701.7002,3498.6308,51.32,94.042,167.979996,133.5127,951.3,8603.14,16890.4,495.37,3.9
2021-11-05,81.24 ,"27,698.00 ",80.11 ,4.88 ,5.6230 ,122611.0000,16.48,1819.50,36327.9492,4697.5298,3491.5677,50.91,94.317,167.080002,133.0818,948.5,8513.34,16843.98,490.61,3.9
2021-11-04,79.29 ,"50,445.00 ",81.42 ,5.41 ,5.6590 ,143941.0000,15.44,1792.30,36124.2305,4680.0601,3526.8657,51.03,94.341,166.220001,130.5926,943.77,8297.44,16733.13,483.98,3.9
2021-11-03,80.11 ,"46,025.00 ",81.58 ,5.57 ,5.8550 ,135782.0000,15.10,1775.60,36157.5781,4660.5698,3498.5368,51.14,93.853,163.660004,132.7742,950.44,8311.25,16860.98,483.42,3.9
2021-11-02,83.08 ,"34,875.00 ",83.37 ,5.28 ,5.5460 ,147721.0000,16.03,1786.70,36052.6289,4630.6499,3505.6283,50.87,94.079,162.710007,136.869,964.08,8368.23,17039.38,487.69,3.9
2021-11-01,83.98 ,"30,582.00 ",82.49 ,5.00 ,5.2120 ,158120.0000,16.41,1791.70,35913.8398,4613.6699,3544.4795,51.27,93.879,161.289993,136.1336,963.23,8462.28,15943.09,492.5,4.2
2021-10-29,83.21 ,"35,002.00 ",82.87 ,4.33 ,5.5660 ,143198.0000,16.26,1784.20,35819.5586,4605.3799,3547.3361,50.91,94.121,161.529999,135.4508,958.07,8291.49,15906.58,484.07,4.2
2021-10-28,83.05 ,"33,521.00 ",82.41 ,4.68 ,5.7320 ,160024.0000,16.53,1802.30,35730.4805,4596.4199,3518.4166,51.55,93.326,160.839996,135.4871,962.48,8397.55,15921.69,487.23,4.2
2021-10-27,82.22 ,"30,218.00 ",83.72 ,5.43 ,6.1500 ,178600.0000,16.98,1798.80,35490.6914,4551.6802,3562.3052,51.60,93.798,159.240005,136.6146,963.38,8356.35,15723.52,483.5,4.2
2021-10-26,84.37 ,"55,613.00 ",84.52 ,5.51 ,5.9450 ,178517.0000,15.98,1782.40,35756.8789,4574.7900,3597.6377,52.01,93.941,159.380005,139.1668,971.48,8654.93,15936.69,497.12,4.2
2021-10-25,83.79 ,"73,989.00 ",84.66 ,5.43 ,5.9710 ,48121.0000,15.24,1806.40,35741.1484,4566.4800,3609.8626,52.35,93.809,158.929993,138.3981,972.5,8643.17,15874.27,494.47,4.2
2021-10-22,83.96 ,"50,123.00 ",83.40 ,4.48 ,5.3060 ,71106.0000,15.43,1793.10,35677.0195,4544.8999,3582.6036,52.03,93.625,158.410004,136.6592,960.27,8489.5,15771.95,487.04,4.2
2021-10-21,82.64 ,"59,942.00 ",83.36 ,4.56 ,5.1960 ,100357.0000,15.01,1784.80,35603.0781,4549.7798,3594.7831,52.13,93.758,158.960007,135.1698,955.78,8379.48,15617.13,482.85,4.2
2021-10-20,83.60 ,"78,874.00 ",83.30 ,4.15 ,5.1590 ,130738.0000,15.49,1782.30,35609.3398,4536.1899,3587.0009,52.46,93.535,158.350006,137.0647,972.68,8526.47,15461.68,491.22,4.2
2021-10-19,83.37 ,"2,124.00 ",83.48 ,3.96 ,5.0600 ,147795.0000,15.70,1770.50,35457.3086,4519.6299,3593.1533,52.46,93.728,158.789993,135.5649,961.58,8437.6,15304.48,487.89,4.2
2021-10-18,82.27 ,"17,952.00 ",84.04 ,4.49 ,4.9820 ,161089.0000,16.31,1770.70,35258.6094,4486.4600,3568.1379,51.87,93.945,157.229996,134.5449,959.96,8377.62,15282.52,482.73,4.2
2021-10-15,82.50 ,"31,124.00 ",83.54 ,4.60 ,5.4220 ,175248.0000,16.30,1768.10,35294.7617,4471.3701,3572.3662,51.89,93.938,155.910004,135.6922,965.22,8349.85,15190.68,481.85,4.2
2021-10-14,81.47 ,"31,542.00 ",82.50 ,5.24 ,5.6490 ,161460.0000,16.86,1798.90,34912.5586,4438.2598,3558.2795,51.38,93.961,154.669998,134.5992,957.39,8356.22,14943.39,479.58,4.2
2021-10-13,80.53 ,"30,607.00 ",81.79 ,4.84 ,5.6760 ,174515.0000,18.64,1791.90,34377.8086,4363.7998,3561.7623,51.04,94.08,151.259995,133.1041,946.07,8255,14710.53,474.03,4.2
2021-10-12,80.54 ,"47,596.00 ",82.37 ,4.73 ,5.4640 ,191672.0000,19.85,1761.10,34378.3398,4350.6499,3546.9362,50.51,94.519,150.339996,133.0915,941.86,8264.07,14723.52,473.29,4.2
2021-10-11,80.57 ,"70,330.00 ",82.53 ,4.62 ,5.4000 ,169371.0000,20.00,1753.30,34496.0586,4361.1899,3591.7087,50.76,94.326,151.119995,133.117,945.26,8277.69,14588.96,472.73,4.2
2021-10-08,79.80 ,"54,876.00 ",81.54 ,4.27 ,5.6060 ,145578.0000,18.77,1756.10,34746.2500,4391.3398,3592.1666,50.83,94.079,151.960007,131.9395,941.63,8322.88,14640.46,474.3,4.2
2021-10-07,78.86 ,"40,896.00 ",78.58 ,4.72 ,5.7600 ,218696.0000,19.54,1754.60,34754.9414,4399.7598,3568.1668,50.76,94.221,152.529999,131.0624,937.59,8041.57,14509.79,460.77,4.2
2021-10-06,77.02 ,"30,399.00 ",80.63 ,5.21 ,5.7140 ,261353.0000,21.00,1764.40,34416.9883,4363.5498,3568.1668,49.77,94.272,151.149994,130.0098,930.22,7957.18,14547.49,456.85,4.2
2021-10-05,79.06 ,"37,500.00 ",80.45 ,5.32 ,6.3300 ,208528.0000,21.30,1758.80,34314.6719,4345.7202,3568.1668,50.12,93.967,150.169998,133.6193,944.96,8044.48,14461.74,461.62,4.2
2021-10-04,77.59 ,"26,128.00 ",78.27 ,4.71 ,5.8160 ,203638.0000,22.96,1769.00,34002.9219,4300.4600,3568.1668,49.74,93.78,148.059998,130.2916,934.21,7985.26,14210,459.06,4.2
2021-10-01,75.76 ,"19,471.00 ",76.38 ,3.25 ,5.5440 ,171105.0000,21.15,1759.80,34326.4609,4357.0400,3568.1668,50.44,94.047,151.570007,127.0836,924.31,7783.15,14250.71,451.84,4.6
2021-09-30,75.10 ,"44,781.00 ",77.72 ,4.59 ,5.9710 ,228135.0000,23.14,1756.60,33843.9219,4307.5400,3568.1668,50.46,94.24,149.320007,126.2341,919.73,7551.36,14002.42,438.36,4.6
2021-09-29,74.76 ,"38,668.00 ",77.13 ,4.68 ,5.4590 ,209040.0000,22.56,1725.00,34390.7188,4359.4600,3536.2944,50.26,94.353,150.399994,124.8645,916.03,7614.08,14243.49,444.31,4.6
2021-09-28,74.31 ,"44,766.00 ",78.37 ,4.71 ,5.8450 ,324032.0000,23.25,1728.50,34299.9883,4352.6299,3602.2184,50.45,93.78,150.589996,125.8834,923.31,7607.47,14321.22,444.79,4.6
2021-09-27,75.41 ,"41,878.00 ",77.73 ,4.41 ,5.8570 ,215109.0000,18.76,1747.90,34869.3711,4443.1099,3582.8307,51.16,93.381,155.190002,126.049,925.68,7626.05,14473.72,443.52,4.6
2021-09-24,74.00 ,"35,572.00 ",76.21 ,3.93 ,5.1760 ,46545.0000,17.75,1744.40,34798.0000,4455.4800,3613.0673,50.91,93.335,156.710007,122.8494,914.1,7269.16,14343.49,428.43,4.6
2021-09-23,73.26 ,"41,774.00 ",75.44 ,4.24 ,5.0330 ,99151.0000,18.63,1740.80,34764.8203,4448.9800,3642.2204,51.41,93.03,156.600006,121.4855,909.09,7192.9,14234.4,425.17,4.6
2021-09-22,71.99 ,"41,714.00 ",74.46 ,4.22 ,4.7600 ,95090.0000,20.87,1772.80,34258.3203,4395.6401,3628.4897,50.89,93.46,154.529999,119.3946,902.32,6928.24,14000.78,411.47,4.6
2021-09-21,70.86 ,"35,801.00 ",73.68 ,3.95 ,4.8020 ,149644.0000,24.36,1768.50,33919.8398,4354.1899,3613.9663,50.42,93.2,152.440002,116.8763,888.27,6667.58,14067.97,399.13,4.6
2021-09-20,70.27 ,"5,747.00 ",73.47 ,4.35 ,4.9550 ,143968.0000,25.71,1760.30,33970.4688,4357.7300,3613.9663,50.06,93.256,152.380005,116.8339,888.62,6603.64,14096.07,397.69,4.6
2021-09-17,71.97 ,"18,936.00 ",74.14 ,4.92 ,5.0540 ,153529.0000,20.81,1752.40,34584.8789,4432.9902,3613.9663,51.38,93.176,155.479996,119.3567,902.32,6843.05,14267.96,410.12,4.6
2021-09-16,72.59 ,"24,418.00 ",74.17 ,5.05 ,5.2680 ,208089.0000,18.69,1753.20,34751.3203,4473.7500,3607.0922,51.54,92.919,157.940002,120.4106,909.46,6883.26,14455.72,413.46,4.6
2021-09-15,72.59 ,"33,891.00 ",73.78 ,5.23 ,5.3950 ,267150.0000,18.18,1793.00,34814.3906,4480.7002,3656.2232,52.07,92.534,157.850006,120.6634,917.53,6960.97,14420.33,418.11,4.6
2021-09-14,70.85 ,"37,439.00 ",73.29 ,5.17 ,5.2810 ,183062.0000,19.46,1802.70,34577.5703,4443.0498,3662.6015,52.05,92.614,156.479996,117.4358,903.34,6617.09,14285.46,402.74,4.6
2021-09-13,70.69 ,"42,321.00 ",72.77 ,4.94 ,5.1860 ,191680.0000,19.37,1790.30,34869.6289,4468.7300,3715.3723,52.52,92.652,156.679993,117.4016,902.65,6755.61,14448.56,409.22,4.6
2021-09-10,69.71 ,"30,055.00 ",71.98 ,4.34 ,4.9580 ,136929.0000,20.95,1786.00,34607.7188,4458.5801,3703.1103,52.43,92.59,156.630005,115.9997,900.62,6520.73,14366.89,397.37,4.6
2021-09-09,68.01 ,"43,209.00 ",71.82 ,4.17 ,5.0020 ,224428.0000,18.80,1798.40,34879.3789,4493.2798,3693.1296,52.53,92.48,158.190002,114.2679,892.48,6544.73,14442.54,397.54,4.6
2021-09-08,69.31 ,"26,986.00 ",71.17 ,4.36 ,4.9230 ,232232.0000,17.96,1785.20,35031.0703,4514.0698,3675.1865,52.70,92.65,158.789993,115.6324,894.49,6527.98,14597.43,397.34,4.6
2021-09-07,68.38 ,"30,974.00 ",71.34 ,4.06 ,4.5970 ,158315.0000,18.14,1792.60,35100.0000,4520.0298,3676.5866,53.41,92.514,159.399994,113.8598,889.69,6606.68,14649.12,401.97,4.6
2021-09-03,69.14 ,"24,768.00 ",72.58 ,3.38 ,4.6970 ,107763.0000,16.41,1826.90,35369.0898,4535.4302,3581.7344,53.06,92.033,159.360001,115.6253,901.3,6642.82,14751.62,404.49,4.6
2021-09-02,69.91 ,"35,732.00 ",71.64 ,3.80 ,4.6310 ,171356.0000,16.41,1806.40,35443.8203,4536.9502,3597.0426,52.78,92.228,158.729996,116.2526,898.33,6662.85,14910.52,406.5,4.6
2021-09-01,68.25 ,"33,008.00 ",71.27 ,3.86 ,4.6350 ,234327.0000,16.11,1811.60,35312.5313,4524.0898,3567.1008,53.00,92.449,158.899994,113.9028,891.78,6478.59,14751.62,396.7,4.7
2021-08-31,68.51 ,"30,119.00 ",71.43 ,3.84 ,4.4050 ,139781.0000,16.48,1803.30,35360.7305,4522.6802,3543.9402,52.57,92.635,158.860001,113.5717,894.41,6572.59,14661.48,402.07,4.7
2021-08-30,69.12 ,"31,235.00 ",71.88 ,3.98 ,4.3160 ,161299.0000,16.19,1810.20,35399.8398,4528.7900,3528.1512,51.76,92.652,159.699997,114.2448,896.53,6577.63,14836,405.09,4.7
2021-08-27,68.55 ,"35,710.00 ",71.48 ,3.83 ,4.4140 ,202168.0000,16.39,1816.80,35455.8008,4509.3701,3522.1567,51.40,92.694,158,113.5655,898.41,6673.38,14905,409.7,4.7
2021-08-26,67.82 ,"44,313.00 ",70.75 ,3.99 ,4.2460 ,227921.0000,18.84,1797.10,35213.1211,4470.0000,3501.6643,50.93,93.078,156.490005,111.2548,887.56,6424.6,14723.71,398.97,4.7
2021-08-25,67.94 ,"41,875.00 ",70.59 ,3.99 ,3.9170 ,37979.0000,16.79,1789.40,35405.5000,4496.1899,3540.3837,51.48,92.832,157.479996,112.0788,888.81,6534.25,14826.59,404.99,4.7
2021-08-24,67.63 ,"50,993.00 ",69.71 ,3.96 ,3.8970 ,54545.0000,17.22,1802.20,35366.2617,4486.2300,3514.4710,51.32,92.901,157.570007,110.5525,885.47,6434.74,14724.02,401.76,4.7
2021-08-23,65.62 ,"42,242.00 ",67.33 ,3.96 ,3.9290 ,78401.0000,17.15,1802.80,35335.7109,4479.5298,3477.1321,50.15,92.971,157.75,107.714,872.16,6298.97,14691.71,395.44,4.7
2021-08-20,61.88 ,"30,158.00 ",66.13 ,3.72 ,3.8370 ,99811.0000,18.56,1779.00,35120.0781,4441.6699,3427.3338,49.45,93.508,155.740005,102.4422,853.12,6039.22,14554.71,381.46,4.7
2021-08-19,63.66 ,"5,767.00 ",66.08 ,3.71 ,3.8600 ,116619.0000,21.67,1775.30,34894.1211,4405.7998,3465.5546,49.61,93.588,153.759995,104.2737,860.59,6005.08,14520.14,380.17,4.7
2021-08-18,64.39 ,"13,012.00 ",69.32 ,3.82 ,3.8220 ,90799.0000,21.57,1784.00,34960.6914,4400.2700,3485.2859,50.59,93.144,152.270004,107.1442,876.02,6168.55,14704.26,390.37,4.7
2021-08-17,66.68 ,"32,747.00 ",69.40 ,3.79 ,3.8300 ,123043.0000,17.91,1785.00,35343.2813,4448.0801,3446.9760,50.39,93.145,154.399994,108.4409,882.09,6308.51,14825.14,399.75,4.7
2021-08-16,67.27 ,"33,259.00 ",69.65 ,3.71 ,3.9420 ,96628.0000,16.12,1787.20,35625.3984,4479.7100,3517.3447,51.19,92.619,155.690002,109.492,890.55,6365.27,14986.8,403.22,4.7
2021-08-13,68.03 ,"22,445.00 ",70.90 ,3.57 ,3.8490 ,113347.0000,15.45,1776.80,35515.3789,4468.0000,3516.2989,51.60,92.512,154.990005,111.0134,893.92,6536.19,14927.58,410.85,4.7
2021-08-12,68.88 ,"27,347.00 ",71.32 ,3.89 ,3.9130 ,163921.0000,15.59,1751.90,35499.8516,4460.8301,3524.7374,51.92,93.038,154.149994,112.1365,890.82,6683.08,14900.48,416.19,4.7
2021-08-11,69.44 ,"38,460.00 ",70.52 ,4.09 ,4.0560 ,139130.0000,16.06,1751.00,35484.9688,4442.4102,3532.6213,52.29,92.918,153.270004,112.6832,890.08,6676.93,14867.42,417.87,4.7
2021-08-10,68.50 ,"31,314.00 ",70.13 ,4.09 ,4.1080 ,134879.0000,16.79,1728.20,35264.6719,4436.7500,3529.9309,52.27,93.055,153.25,111.7586,884.4,6639.43,14601.75,415.12,4.7
2021-08-09,66.81 ,"49,872.00 ",70.66 ,3.96 ,4.0410 ,160120.0000,16.72,1728.20,35101.8516,4432.3501,3494.6348,52.23,92.938,154.360001,109.4075,872.37,6493.14,14333.58,407.81,4.7
2021-08-06,67.96 ,"55,631.00 ",71.30 ,3.90 ,4.1340 ,128552.0000,16.15,1761.80,35208.5117,4436.5200,3458.2277,51.97,92.8,154.860001,112.2366,886.61,6600.88,14502.32,413.59,4.7
2021-08-05,69.13 ,"38,286.00 ",70.34 ,3.92 ,4.1590 ,118488.0000,17.28,1802.90,35064.2500,4429.1001,3466.5491,52.41,92.252,154.990005,113.4742,892.78,6549.99,14422.91,409.98,4.7
2021-08-04,68.00 ,"57,799.00 ",71.83 ,3.75 ,4.1520 ,5.0000,17.97,1811.00,34792.6719,4402.6602,3477.2186,52.50,92.274,154.139999,112.1604,888.17,6401.74,14243.68,404.78,4.7
2021-08-03,70.40 ,"47,499.00 ",72.71 ,3.61 ,4.0600 ,115551.0000,18.04,1809.60,35116.3984,4423.1499,3447.9914,52.20,92.088,153.830002,114.7284,894.77,6649.31,14586.01,416.5,4.7
2021-08-02,71.63 ,"41,853.00 ",73.89 ,3.24 ,3.9580 ,105733.0000,19.46,1812.20,34838.1602,4387.1602,3464.2854,51.95,92.065,152.850006,115.2786,901.25,6478.76,14376.86,409.09,4.7
2021-07-30,73.68 ,"24,887.00 ",74.98 ,2.90 ,3.9130 ,150564.0000,18.24,1812.50,34935.4688,4395.2598,3397.3574,51.45,92.188,153.399994,118.8242,906.4,6576.1,14460.8,411.94,5.2
2021-07-29,73.38 ,"32,597.00 ",74.42 ,2.83 ,4.0570 ,113681.0000,17.70,1827.80,35084.5313,4419.1499,3411.7240,52.07,91.871,153.5,118.728,915.91,6666.8,14473.41,418.94,5.2
2021-07-28,72.37 ,"33,488.00 ",73.57 ,3.12 ,3.9410 ,10.0000,18.31,1792.50,34930.9297,4400.6401,3361.5895,51.68,92.317,152.789993,116.715,903.27,6655.12,14359.8,415.46,5.2
2021-07-27,71.95 ,"49,716.00 ",73.62 ,3.55 ,3.9190 ,137380.0000,19.36,1794.00,35058.5195,4401.4600,3381.1833,50.45,92.436,152.979996,115.968,900.23,6552.04,14446.56,411.52,5.2
2021-07-26,72.18 ,"51,443.00 ",72.68 ,3.95 ,4.0980 ,47082.0000,17.58,1797.80,35144.3086,4422.2998,3467.4409,51.44,92.651,154.440002,116.5652,905.51,6675.1,14772.7,415.94,5.2
2021-07-23,72.16 ,"30,971.00 ",73.03 ,3.54 ,4.0450 ,69409.0000,17.20,1794.50,35061.5508,4411.7900,3550.3964,52.67,92.928,154.520004,116.313,897.8,6499.22,14756.07,406.08,5.2
2021-07-22,71.75 ,"37,126.00 ",72.09 ,3.15 ,3.9990 ,98347.0000,17.69,1792.50,34823.3516,4367.4800,3574.7344,53.35,92.83,153,115.7559,897.61,6564.67,14654.64,407.9,5.2
2021-07-21,70.20 ,"54,972.00 ",69.93 ,3.26 ,3.9210 ,103226.0000,17.91,1804.70,34798.0000,4358.6899,3562.6611,53.16,92.759,151.880005,113.436,891.5,6645.65,14689.77,412.48,5.2
2021-07-20,66.43 ,"61,261.00 ",70.50 ,3.30 ,3.9310 ,113442.0000,19.87,1825.20,34511.9883,4323.0601,3536.7905,53.01,92.979,150.429993,108.962,878.92,6384.61,14548.31,398.66,5.2
2021-07-19,66.27 ,"10,102.00 ",70.54 ,3.45 ,3.7690 ,116582.0000,22.50,1804.80,33962.0391,4258.4902,3539.1225,52.70,92.9,148.229996,107.6691,868.5,6255.91,14264.26,392.77,5.2
2021-07-16,71.51 ,"16,649.00 ",72.84 ,3.40 ,3.6800 ,82330.0000,18.45,1809.30,34687.8516,4327.1602,3539.3038,53.55,92.687,150.300003,114.5871,892,6520.92,14491.91,407.13,5.2
2021-07-15,71.50 ,"40,759.00 ",73.15 ,3.67 ,3.6170 ,111302.0000,17.01,1830.50,34987.0195,4360.0298,3564.5902,54.04,92.631,151.800003,114.2913,890.65,6728.72,14696.17,418.43,5.2
2021-07-14,72.99 ,"36,322.00 ",75.29 ,3.63 ,3.6700 ,125904.0000,16.33,1828.60,34933.2305,4374.2998,3528.5011,53.89,92.405,153.059998,116.228,893.25,6867.74,14689.2,424.48,5.2
2021-07-13,75.18 ,"35,669.00 ",75.13 ,3.61 ,3.6900 ,97857.0000,17.12,1807.00,34888.7891,4369.2100,3566.5225,53.75,92.759,151.940002,118.8299,894.05,7154.36,14674.62,437.25,5.2
2021-07-12,74.14 ,"32,644.00 ",74.33 ,3.51 ,3.7440 ,2.0000,16.17,1803.50,34996.1797,4384.6299,3547.8362,53.59,92.256,151.320007,117.3707,889.67,7219.06,14809.52,440.7,5.2
2021-07-09,74.62 ,"29,705.00 ",74.18 ,3.15 ,3.6750 ,101501.0000,16.18,1807.10,34870.1602,4369.5498,3524.0881,53.53,92.116,151.199997,117.9179,887.05,7242.08,14842.77,441.16,5.2
2021-07-08,73.24 ,"35,286.00 ",71.97 ,3.12 ,3.6850 ,141732.0000,19.00,1798.90,34421.9297,4320.8198,3525.5039,52.86,92.406,149.820007,115.9014,877.95,7082.47,14475.22,432.43,5.2
2021-07-07,72.12 ,"37,780.00 ",73.58 ,3.26 ,3.5760 ,120022.0000,16.20,1803.10,34681.7891,4358.1299,3553.7155,53.89,92.645,151.25,114.6406,878.06,7094.83,14965.66,434.21,5.2
2021-07-06,73.76 ,"42,493.00 ",75.94 ,3.77 ,3.6700 ,147960.0000,16.44,1796.70,34577.3711,4343.5400,3530.2589,53.97,92.543,150.429993,116.353,880.75,7254.02,14884.99,441.73,5.2
2021-07-02,75.11 ,"27,621.00 ",75.21 ,3.09 ,3.7020 ,108587.0000,15.07,1786.80,34786.3516,4352.3398,3518.7595,54.64,92.413,149.860001,119.1516,901.71,7531.68,15036.23,456,5.2
2021-07-01,74.96 ,"62,739.00 ",74.87 ,2.91 ,3.6600 ,145919.0000,15.48,1776.40,34633.5313,4319.9399,3588.7816,54.90,92.594,147.910004,118.6503,899.34,7589.53,15077.58,456.95,5.4
2021-06-30,73.45 ,"26,500.00 ",73.60 ,3.18 ,3.7370 ,182091.0000,15.76,1771.70,34502.5117,4297.5000,3591.1970,55.25,92.431,147.660004,116.603,896.01,7418.73,14880.79,449.4,5.4
2021-06-29,73.46 ,"23,837.00 ",73.34 ,3.96 ,3.6580 ,196638.0000,16.02,1760.60,34292.2891,4291.7998,3573.1779,55.45,92.041,147.820007,116.1283,882.67,7268.36,14854.63,443.61,5.4
2021-06-28,72.75 ,"31,440.00 ",73.84 ,3.92 ,3.5830 ,5.0000,15.76,1784.70,34283.2695,4290.6099,3606.3722,55.54,91.876,146.75,115.8022,881.99,7309.58,14834.57,445.83,5.4
2021-06-25,74.04 ,"32,338.00 ",74.19 ,3.14 ,3.5110 ,32794.0000,15.62,1786.90,34433.8398,4280.7002,3607.5618,55.48,91.844,145.229996,117.2507,878.36,7612.64,14976.97,460.62,5.4
2021-06-24,73.31 ,"34,372.00 ",74.09 ,2.65 ,3.4220 ,4.0000,15.71,1772.40,34196.8203,4266.4902,3566.6539,55.05,91.795,145.399994,116.348,877.26,7550.39,14982.47,458.11,5.4
2021-06-23,73.26 ,"49,381.00 ",74.01 ,2.45 ,3.3190 ,70152.0000,16.33,1772.00,33874.2383,4241.8398,3566.2199,54.53,91.785,144.490005,115.8411,877.12,7463.09,14903.24,454.28,5.4
2021-06-22,72.93 ,"51,991.00 ",73.13 ,2.58 ,3.2570 ,2.0000,16.64,1781.70,33945.5781,4246.4399,3557.4120,54.24,91.751,144.649994,115.0043,871.16,7412.41,14940.56,452.88,5.4
2021-06-21,73.46 ,"8,218.00 ",72.45 ,2.59 ,3.1990 ,91450.0000,17.88,1781.90,33876.9688,4224.7900,3529.1826,54.46,91.881,143.350006,114.7314,871.72,7387.26,14907.64,450.05,5.4
2021-06-18,71.65 ,"22,399.00 ",71.56 ,2.67 ,3.2340 ,101762.0000,20.64,1774.20,33290.0781,4166.4502,3525.0968,54.22,92.209,142.089996,112.7617,864.95,7023.03,14622.9,431.64,5.4
2021-06-17,70.95 ,"44,383.00 ",72.29 ,2.49 ,3.2130 ,138697.0000,17.75,1777.90,33823.4492,4221.8599,3525.6042,54.73,91.873,143.399994,112.0879,857.81,7195.47,14820.03,444.69,5.4
2021-06-16,71.67 ,"47,180.00 ",73.16 ,2.30 ,3.2450 ,102528.0000,18.15,1802.80,34033.6719,4223.7002,3518.3292,54.57,91.208,141.759995,113.8462,888.32,7513.81,15138.68,460.96,5.4
2021-06-15,72.40 ,"33,820.00 ",72.05 ,2.29 ,3.2260 ,141168.0000,17.02,1858.60,34299.3281,4246.5898,3556.5590,55.08,90.502,142.529999,113.5406,888.54,7564.66,15305.39,463.02,5.4
2021-06-14,71.23 ,"29,988.00 ",71.99 ,2.30 ,3.3520 ,102006.0000,16.39,1863.90,34393.7500,4255.1499,3589.7481,55.53,90.475,143.410004,112.5861,895.47,7451.95,15194.21,454.17,5.4
2021-06-11,70.81 ,"55,167.00 ",71.31 ,2.06 ,3.2830 ,168842.0000,15.65,1875.50,34479.6016,4247.4399,3589.7481,55.35,90.55,141.970001,112.3311,901.47,7494.62,15327.39,456.2,5.4
2021-06-10,70.15 ,"34,865.00 ",70.90 ,2.10 ,3.1520 ,130146.0000,16.10,1898.10,34466.2383,4239.1802,3610.8590,55.36,90.078,141.130005,111.7567,902.69,7483.39,15179.06,457.53,5.4
2021-06-09,69.76 ,"22,140.00 ",71.21 ,2.30 ,3.1550 ,108045.0000,17.89,1888.80,34447.1406,4219.5498,3591.3965,55.17,90.121,140.100006,111.3065,902.76,7498.89,15288.53,457.92,5.4
2021-06-08,69.96 ,"27,974.00 ",69.83 ,2.97 ,3.1300 ,185863.0000,17.07,1892.10,34599.8203,4227.2598,3580.1063,55.39,90.076,140,111.4225,904.99,7590.23,15480.78,460.68,5.4
2021-06-07,69.25 ,"15,676.00 ",70.15 ,2.86 ,3.0920 ,114216.0000,16.43,1900.80,34630.2383,4226.5200,3599.5410,55.61,89.946,139.990005,110.2888,901.03,7538.03,15432.1,456.68,5.4
2021-06-04,69.39 ,"23,438.00 ",70.21 ,2.68 ,3.0990 ,112969.0000,16.42,1890.60,34756.3906,4229.8901,3591.8447,55.89,90.133,140.020004,110.9309,908.66,7518.37,15467.47,458.01,5.4
2021-06-03,68.88 ,"23,751.00 ",69.89 ,2.10 ,3.0650 ,92205.0000,18.04,1870.50,34577.0391,4192.8501,3584.2121,55.48,90.501,137.380005,109.8062,896.16,7447.4,15539.92,454.99,5.4
2021-06-02,68.77 ,"19,713.00 ",69.37 ,2.18 ,3.0740 ,107268.0000,17.48,1908.30,34600.3789,4208.1201,3597.1379,55.95,89.901,138.669998,109.9511,907.53,7418.27,15614.51,453.43,5.4
2021-06-01,68.03 ,"27,816.00 ",69.01 ,2.20 ,3.0940 ,182279.0000,17.90,1900.80,34575.3086,4202.0400,3624.7138,55.85,89.819,137.720001,108.5337,904.21,7304.05,15767.24,445.7,5.9
2021-05-28,66.62 ,"24,192.00 ",68.20 ,2.38 ,3.0100 ,105310.0000,16.76,1903.20,34529.4492,4204.1099,3600.7844,54.79,89.993,138.399994,106.2537,892.34,6944.1,15750.31,429.16,5.9
2021-05-27,66.83 ,"25,299.00 ",67.32 ,2.29 ,2.9620 ,115927.0000,16.74,1896.40,34464.6406,4200.8799,3608.8507,54.60,89.959,137.910004,106.7925,893.05,6935.65,15709.63,428.8,5.9
2021-05-26,66.11 ,"26,462.00 ",67.47 ,2.41 ,3.0220 ,116571.0000,17.36,1913.10,34323.0508,4195.9902,3593.3570,54.36,90.03,138.639999,106.3007,881.55,6875.56,15604.37,428.49,5.9
2021-05-25,65.95 ,"57,860.00 ",67.41 ,2.50 ,2.9910 ,92682.0000,18.84,1883.60,34312.4609,4188.1299,3581.3418,53.98,89.628,138.649994,105.7694,879.38,6758.6,15456.84,424.28,5.9
2021-05-24,65.98 ,"59,030.00 ",66.93 ,2.46 ,2.8870 ,40728.0000,18.40,1881.40,34393.9805,4197.0498,3497.2821,53.52,89.838,138.610001,105.6564,881.5,6908.2,15609.81,432.95,5.9
2021-05-21,63.82 ,"52,229.00 ",64.18 ,2.48 ,2.9020 ,52886.0000,20.15,1889.90,34207.8398,4155.8599,3486.5569,53.30,90.005,136.190002,102.6641,873.58,6844.49,15475.78,429.11,5.9
2021-05-20,61.91 ,"42,372.00 ",65.29 ,2.44 ,2.9480 ,77049.0000,20.67,1873.70,34084.1484,4159.1201,3506.9444,53.72,89.795,136.940002,100.9016,872.73,6839.96,15471.13,428.42,5.9
2021-05-19,63.30 ,"7,175.00 ",65.95 ,2.47 ,2.9620 ,88916.0000,22.18,1871.80,33896.0391,4115.6802,3510.9647,53.23,90.191,134.369995,102.8499,878.37,6859.95,15562.65,428.7,5.9
2021-05-18,65.34 ,"16,626.00 ",68.39 ,2.55 ,3.0090 ,120910.0000,21.34,1870.20,34060.6602,4127.8301,3529.0144,53.48,89.734,133.899994,106.0215,896.26,7014.51,15642.98,439.31,5.9
2021-05-17,66.38 ,"26,802.00 ",67.52 ,2.58 ,3.1200 ,160035.0000,19.72,1868.90,34327.7891,4163.2900,3517.6158,52.86,90.142,134.979996,107.0142,898.46,7155.78,15833.3,450.7,5.9
2021-05-14,65.53 ,"25,194.00 ",66.16 ,2.20 ,2.9740 ,77483.0000,18.81,1842.00,34382.1289,4173.8501,3490.3762,52.90,90.318,135.979996,105.3619,886.82,6962.28,15917.46,440.76,5.9
2021-05-13,63.81 ,"41,830.00 ",66.78 ,2.15 ,2.9730 ,83044.0000,23.13,1825.90,34021.4492,4112.5000,3429.5361,52.07,90.735,133.050003,103.3653,884.78,6673.26,15701.99,427.2,5.9
2021-05-12,65.84 ,"34,894.00 ",67.46 ,2.25 ,2.9810 ,77744.0000,27.59,1825.20,33587.6602,4063.0400,3462.7513,52.28,90.686,131.309998,106.5889,904.26,6829.16,15348.59,432.89,5.9
2021-05-11,65.39 ,"28,017.00 ",66.39 ,2.45 ,2.9530 ,9.0000,21.84,1837.30,34269.1602,4152.1001,3441.8454,53.50,90.124,135.110001,105.3097,902.39,6822.57,15708.35,432.78,5.9
2021-05-10,64.92 ,"28,870.00 ",67.10 ,2.46 ,2.9220 ,80369.0000,19.66,1835.90,34742.8203,4188.4302,3427.9909,53.71,90.185,135.520004,104.7125,895.53,6952.45,15929.46,443.59,5.9
2021-05-07,64.81 ,"24,527.00 ",66.57 ,2.39 ,2.9700 ,95776.0000,16.69,1829.40,34777.7617,4232.6001,3418.8741,54.39,90.216,139.029999,104.6747,899.47,6984.95,15943.3,444.11,5.9
2021-05-06,64.89 ,"20,038.00 ",67.49 ,2.43 ,2.9310 ,81197.0000,18.39,1814.00,34548.5313,4201.6201,3441.2826,54.05,90.936,137.850006,104.2615,889.67,6792.71,15724.41,435.56,5.9
2021-05-05,65.21 ,"27,775.00 ",68.20 ,2.44 ,2.9460 ,86474.0000,19.15,1780.80,34230.3398,4167.5898,3446.8564,53.59,91.293,136.479996,105.5784,884.32,6797.01,15639.74,433.77,5.9
2021-05-04,66.25 ,"21,304.00 ",66.67 ,2.43 ,2.9790 ,96009.0000,19.48,1779.30,34133.0313,4164.6602,3446.8564,53.44,91.275,136.809998,105.5169,879.71,6567.41,15624.9,420.1,5.9
2021-05-03,64.57 ,"14,590.00 ",65.09 ,2.38 ,2.9580 ,91331.0000,18.31,1793.20,34113.2305,4192.6602,3446.8564,53.86,90.927,139.309998,103.6942,871.74,6599.35,15618.6,420.01,5.9
2021-04-30,63.42 ,"23,505.00 ",65.42 ,2.09 ,2.9410 ,98403.0000,18.61,1764.80,33874.8516,4181.1699,3446.8564,54.17,91.27,139.699997,102.2922,866.92,6399.33,15347,408.41,5.8
2021-04-29,64.78 ,"25,324.00 ",65.71 ,2.33 ,2.9050 ,119055.0000,17.61,1771.10,34060.3594,4211.4702,3474.9011,54.86,90.593,141.630005,104.1249,866.92,6556.75,15419.14,419.68,5.8
2021-04-28,63.60 ,"39,779.00 ",64.53 ,2.36 ,2.9510 ,5.0000,17.28,1774.90,33820.3789,4183.1802,3457.0683,54.87,90.593,141.75,102.7271,865.25,6519.53,15287.43,415.3,5.8
2021-04-27,63.03 ,"37,902.00 ",63.91 ,2.40 ,2.9370 ,123083.0000,17.56,1774.40,33984.9297,4186.7202,3442.6111,54.75,90.892,143.080002,101.1759,863.74,6257.88,15312.66,401.9,5.8
2021-04-26,62.04 ,"27,524.00 ",63.22 ,2.39 ,2.7900 ,32062.0000,17.64,1781.30,33981.5703,4187.6201,3441.1658,54.71,90.78,143.429993,99.6616,858.72,6142.01,15095.61,397.14,5.8
2021-04-23,62.02 ,"29,597.00 ",63.63 ,2.16 ,2.7200 ,45940.0000,17.33,1774.80,34043.4883,4180.1699,3474.1660,54.40,90.839,142.699997,99.8765,848.85,6059.87,15133.43,394.57,5.8
2021-04-22,61.73 ,"27,429.00 ",63.06 ,2.20 ,2.7480 ,119778.0000,18.71,1783.70,33815.8984,4134.9800,3465.1138,53.94,91.321,140.600006,98.9813,844.11,5979.49,14920.95,390.68,5.8
2021-04-21,60.99 ,"36,514.00 ",64.02 ,2.57 ,2.6970 ,88592.0000,17.50,1793.20,34137.3086,4173.4199,3472.9298,53.75,91.129,142.270004,98.7168,837.66,6042.27,15040.32,395.93,5.8
2021-04-20,62.29 ,"47,498.00 ",65.36 ,2.53 ,2.7240 ,86714.0000,18.68,1776.20,33821.3008,4134.9399,3472.9427,54.18,91.227,140.850006,100.3788,835.47,5946.28,14894.93,390.24,5.8
2021-04-19,63.37 ,"5,455.00 ",65.10 ,2.31 ,2.7380 ,101519.0000,17.29,1767.80,34077.6289,4163.2598,3477.5485,54.21,91.05,142.110001,101.4542,835.03,6175.42,14798.84,400.84,5.8
2021-04-16,63.11 ,"10,558.00 ",65.21 ,2.21 ,2.6880 ,88053.0000,16.17,1774.90,34200.6719,4185.4702,3426.6178,54.21,91.544,143.300003,101.0658,831.7,6183.03,14919.55,401.06,5.8
2021-04-15,63.31 ,"19,057.00 ",64.48 ,2.18 ,2.6630 ,123470.0000,16.57,1762.90,34035.9883,4170.4199,3398.9875,53.91,91.618,143.330002,101.2886,831.94,6276.8,14930,404.6,5.8
2021-04-14,62.78 ,"38,780.00 ",63.39 ,2.25 ,2.6170 ,109525.0000,16.99,1735.80,33730.8906,4124.6602,3416.7212,53.72,91.674,140.910004,100.757,824.73,6336.64,14873.67,407.94,5.8
2021-04-13,60.50 ,"22,778.00 ",61.85 ,2.02 ,2.6240 ,142947.0000,16.65,1744.90,33677.2695,4141.5898,3396.4700,53.21,91.844,142.419998,96.7593,808.38,6102.17,14863.65,396.42,5.8
2021-04-12,59.65 ,"31,192.00 ",61.44 ,1.87 ,2.5560 ,122382.0000,16.91,1725.60,33745.3984,4127.9902,3412.9477,53.13,92.144,141.089996,96.0339,801.81,6096.8,14969.58,395.99,5.8
2021-04-09,59.34 ,"26,690.00 ",61.12 ,1.66 ,2.5210 ,100242.0000,16.69,1742.90,33800.6016,4128.7998,3450.6772,53.45,92.16,141.770004,95.3845,805.43,6184.21,14918.33,399.7,5.8
2021-04-08,59.74 ,"25,785.00 ",61.22 ,1.79 ,2.5190 ,116405.0000,16.95,1753.80,33503.5703,4097.1699,3482.5548,53.98,92.069,140.419998,95.5812,809.3,6237.37,14787.96,401.93,5.8
2021-04-07,59.51 ,"26,115.00 ",60.68 ,1.84 ,2.5090 ,124554.0000,17.16,1737.30,33446.2617,4079.9500,3479.6256,53.79,92.472,138.419998,95.5029,803.62,6351.21,14796.64,407.44,5.8
2021-04-06,59.26 ,"24,616.00 ",61.33 ,1.85 ,2.4620 ,134048.0000,18.12,1742.80,33430.2383,4073.9399,3482.9674,54.12,92.348,137.690002,95.0203,802.83,6327.65,14842.94,405.48,5.8
2021-04-05,58.80 ,"23,879.00 ",61.70 ,1.76 ,2.5200 ,136678.0000,17.91,1726.80,33527.1914,4077.9099,3466.3315,53.79,92.595,138.279999,94.2998,795.56,6306.53,14891.2,406.35,5.8
2021-04-01,61.33 ,"35,635.00 ",61.77 ,2.15 ,2.6260 ,110441.0000,17.33,1729.70,33153.2109,4019.8701,3466.3315,53.65,92.947,135.479996,98.0648,804.73,6569.04,14748.38,416.39,6
2021-03-31,59.50 ,"27,371.00 ",63.07 ,2.43 ,2.6040 ,87127.0000,19.40,1705.90,32981.5508,3972.8899,3441.9115,52.89,93.236,132.809998,95.2709,800.48,6300.45,14631.39,405.8,6
2021-03-30,60.46 ,"28,405.00 ",63.37 ,1.88 ,2.6210 ,94978.0000,19.61,1683.60,33066.9609,3958.5500,3456.6766,53.02,93.321,130.729996,97.0665,794.01,6331.01,14726.57,409.36,6
2021-03-29,61.69 ,"34,044.00 ",62.86 ,1.93 ,2.6410 ,99100.0000,20.74,1703.30,33171.3711,3971.0901,3435.2958,52.63,92.956,131.979996,98.1962,805.17,6361.11,14527.41,412.54,6
2021-03-26,60.80 ,"29,908.00 ",62.56 ,1.62 ,2.5640 ,27441.0000,18.86,1724.40,33072.8789,3974.5400,3418.3267,52.53,92.775,132.669998,97.4837,807.23,6505.98,14605.79,418,6
2021-03-25,58.38 ,"39,907.00 ",61.63 ,1.75 ,2.5710 ,37467.0000,19.81,1724.60,32619.4805,3909.5200,3363.5915,51.75,92.826,129.380005,93.99,795.22,6326.45,14278.04,407.2,6
2021-03-24,60.89 ,"44,404.00 ",61.61 ,1.79 ,2.5190 ,43393.0000,21.20,1733.10,32420.0605,3889.1399,3367.0606,52.14,92.53,129.460007,97.4627,809.16,6265.37,14051.15,405.92,6
2021-03-23,57.37 ,"63,032.00 ",62.27 ,2.03 ,2.5130 ,84155.0000,20.30,1741.40,32423.1504,3910.5200,3411.5088,53.15,92.347,131.050003,92.9595,796.73,6110.86,13906.55,396.33,6
2021-03-22,61.24 ,"34,625.00 ",63.22 ,1.91 ,2.5750 ,95130.0000,18.88,1746.30,32731.1992,3940.5901,3443.4392,53.65,91.741,131.869995,97.9828,812.29,6261.67,14168.51,402.19,6
2021-03-19,61.36 ,"5,373.00 ",62.47 ,2.01 ,2.5470 ,69541.0000,20.95,1733.50,32627.9707,3913.1001,3404.6634,53.69,91.925,129.600006,97.5351,811.29,6347.8,14182.13,406.06,6
2021-03-18,59.52 ,"18,215.00 ",64.79 ,2.42 ,2.4840 ,136705.0000,21.58,1733.40,32862.3008,3915.4600,3463.0681,54.10,91.87,129.990005,95.8497,802.62,6254.9,14148.04,405.58,6
2021-03-17,64.36 ,"22,797.00 ",66.76 ,2.25 ,2.5210 ,84552.0000,19.23,1742.40,33015.3711,3974.1201,3445.5509,53.92,91.435,133.699997,102.0142,822.85,6663.63,14157.82,425.37,6
2021-03-16,65.00 ,"25,858.00 ",66.89 ,2.25 ,2.5630 ,88003.0000,19.79,1728.00,32825.9492,3962.7100,3446.7334,54.15,91.88,133.809998,102.7897,824.81,6605.54,14020.73,421.82,6
2021-03-15,65.26 ,"29,568.00 ",68.18 ,2.35 ,2.4980 ,128840.0000,20.03,1730.40,32953.4609,3968.9399,3419.9456,53.80,91.852,132.809998,103.298,826.48,6817.27,14242.67,433.88,6
2021-03-12,65.58 ,"17,290.00 ",68.14 ,2.38 ,2.5980 ,101006.0000,20.69,1727.30,32778.6406,3943.3401,3453.0777,54.11,91.678,131.410004,104.2519,825.48,6848.05,14156.69,438.89,6
2021-03-11,65.91 ,"25,925.00 ",67.39 ,2.06 ,2.6710 ,113704.0000,21.91,1719.40,32485.5898,3939.3401,3436.8313,54.49,91.418,132.360001,104.6938,827.96,6891.5,14022.72,438.15,6
2021-03-10,64.80 ,"33,600.00 ",65.60 ,2.11 ,2.6880 ,88107.0000,22.56,1724.80,32297.0195,3898.8101,3357.7372,53.17,91.828,129.589996,102.4981,818.51,6800.09,13869.9,437.52,6
2021-03-09,63.92 ,"39,155.00 ",66.38 ,2.24 ,2.6500 ,90965.0000,24.03,1711.70,31832.7402,3875.4399,3359.2920,52.89,91.964,130.110001,101.9732,819.09,6596.48,13786.82,426.17,6
2021-03-08,64.79 ,"29,320.00 ",68.17 ,2.35 ,2.6610 ,117283.0000,25.47,1679.30,31802.4395,3821.3501,3421.4141,52.50,92.334,125.830002,103.095,820.05,6775.85,13720.6,434.41,6
2021-03-05,66.36 ,"34,567.00 ",67.03 ,2.79 ,2.6960 ,108296.0000,24.66,1695.70,31496.3008,3841.9399,3501.9867,53.74,91.99,128.949997,104.6025,824.36,6815.5,13627.98,433.98,6
2021-03-04,64.23 ,"46,402.00 ",64.23 ,2.84 ,2.7430 ,132377.0000,28.57,1687.20,30924.1406,3768.4700,3503.4916,54.00,91.644,126.559998,101.5184,813.3,6562.88,13219.66,418.37,6
2021-03-03,61.16 ,"36,500.00 ",62.12 ,2.94 ,2.8040 ,90488.0000,26.67,1707.60,31270.0898,3819.7200,3576.9045,55.28,90.942,129.419998,98.193,811.68,6339.63,13548.44,408.18,6
2021-03-02,59.54 ,"27,035.00 ",61.97 ,2.73 ,2.8500 ,102296.0000,24.10,1731.10,31391.5195,3870.2900,3508.5912,54.55,90.79,132.759995,96.4495,813.38,6196.83,13571.99,402.64,6
2021-03-01,60.16 ,"31,515.00 ",64.24 ,2.84 ,2.7830 ,73097.0000,23.35,1723.30,31535.5098,3901.8201,3551.3998,55.02,91.036,134.899994,97.5266,809.67,6248.81,13618.09,404.78,6
2021-02-26,61.61 ,"31,044.00 ",64.37 ,2.39 ,2.7750 ,125966.0000,27.95,1733.40,30932.3691,3811.1499,3509.0804,53.70,90.882,130.690002,98.5926,815.23,6128.67,13331.27,394.53,6
2021-02-25,63.40 ,"43,153.00 ",65.42 ,2.37 ,2.7650 ,119833.0000,28.89,1770.30,31402.0098,3829.3401,3585.0458,55.52,90.135,130,101.1441,833.83,6271.33,13372.26,403.58,6
2021-02-24,63.42 ,"50,747.00 ",64.00 ,2.64 ,2.8030 ,106899.0000,21.34,1781.20,31961.8594,3925.4299,3564.0799,55.24,90.17,134.710007,101.015,836.48,6443.81,13630.55,412.02,6
2021-02-23,61.15 ,"53,758.00 ",63.73 ,2.59 ,2.8610 ,117741.0000,23.11,1807.20,31537.3496,3881.3701,3636.3573,56.10,90.167,132.679993,98.9716,826.42,6208.82,13403.11,397.87,6
2021-02-22,62.17 ,"45,677.00 ",62.01 ,2.69 ,2.9210 ,5.0000,23.45,1807.30,31521.6895,3876.5000,3642.4449,56.07,89.999,133.050003,98.9548,825.83,6056.54,13381.42,391.32,6
2021-02-19,59.24 ,"8,585.00 ",61.32 ,7.05 ,3.0820 ,62189.0000,22.05,1782.20,31494.3203,3906.7100,3696.1680,57.37,90.363,136.050003,96.152,811.29,5850.21,13274.21,379.1,6
2021-02-18,60.20 ,"21,335.00 ",63.44 ,5.87 ,3.0650 ,163464.0000,22.49,1774.10,31493.3398,3913.9700,3675.3571,57.17,90.6,136.25,97.4743,810.48,5701.47,13049.7,372.97,6
2021-02-17,61.64 ,"32,627.00 ",63.04 ,13.52 ,3.2380 ,203403.0000,21.50,1774.60,31613.0195,3931.3301,3655.0880,58.03,90.949,136.919998,98.1439,809.9,5910.91,13098.94,382.23,6
2021-02-16,60.22 ,"40,563.00 ",62.48 ,15.01 ,3.0980 ,271238.0000,21.46,1791.70,31522.7500,3932.5901,3655.0880,58.14,90.503,138.139999,96.684,807.98,5847.43,13180.74,377.05,6
2021-02-12,59.71 ,"27,807.00 ",60.77 ,5.76 ,2.8970 ,181432.0000,19.97,1816.00,31458.4004,3934.8301,3655.0880,57.54,90.47,138.589996,95.0465,799.26,5672.92,13175.09,369.05,6
2021-02-11,57.93 ,"29,044.00 ",60.54 ,5.93 ,2.8640 ,231374.0000,21.25,1823.60,31430.6992,3916.3799,3655.0880,57.51,90.413,137.880005,93.3815,793.11,5556.41,12953.73,363.96,6
2021-02-10,58.34 ,"28,121.00 ",60.45 ,4.69 ,2.9770 ,226893.0000,21.99,1839.70,31437.8008,3909.8799,3655.0880,57.10,90.363,136.380005,93.9681,793.92,5628.75,12954.53,369.28,6
2021-02-09,58.47 ,"35,862.00 ",60.28 ,4.18 ,2.8160 ,57164.0000,21.63,1837.00,31375.8301,3911.2300,3603.4890,56.54,90.429,136.580002,93.3557,795.68,5517.14,12959.9,362.78,6
2021-02-08,58.10 ,"20,416.00 ",59.58 ,4.10 ,2.8830 ,169239.0000,21.24,1830.50,31385.7598,3915.5901,3532.4467,56.17,90.919,136.740005,92.8628,792.54,5592.56,12874.92,368.16,6
2021-02-05,57.12 ,"27,012.00 ",58.92 ,4.48 ,2.8820 ,243671.0000,20.87,1808.40,31148.2402,3886.8301,3496.3329,55.99,91.032,135.320007,91.1931,781.56,5309.86,12788.51,353.77,6
2021-02-04,56.49 ,"30,119.00 ",58.25 ,3.03 ,2.9570 ,2.0000,21.77,1791.80,31055.8594,3871.7400,3501.8592,55.68,91.52,135.619995,90.4534,776.68,5299.94,12707.72,350.53,6
2021-02-03,56.01 ,"29,908.00 ",57.72 ,3.17 ,2.7820 ,147978.0000,22.91,1832.20,30723.5996,3830.1699,3517.3080,55.89,91.148,133.490005,89.5899,775.47,5260.58,12527.57,347.08,6
2021-02-02,55.08 ,"35,620.00 ",56.80 ,5.46 ,2.8210 ,217995.0000,25.56,1832.90,30687.4805,3826.3101,3533.6849,55.44,91.189,133.949997,88.3915,769.21,4982.57,12522.98,333.23,6
2021-02-01,53.43 ,"25,514.00 ",55.13 ,5.17 ,2.8280 ,209728.0000,30.24,1860.10,30211.9102,3773.8601,3505.2836,54.68,90.975,132.160004,86.6391,769.56,4926.17,12250,329.58,6.2
2021-01-29,52.14 ,"31,865.00 ",54.41 ,3.04 ,2.5570 ,121103.0000,33.09,1845.40,29982.6191,3714.2400,3483.0692,53.38,90.569,128.929993,84.0906,758.13,4865.86,12087.99,327.16,6.2
2021-01-28,52.18 ,"29,413.00 ",54.36 ,6.00 ,2.6790 ,150556.0000,30.21,1841.80,30603.3594,3787.3799,3505.1759,54.22,90.427,132.039993,84.5699,756.83,5038.83,12404.96,338.38,6.2
2021-01-27,52.67 ,"43,578.00 ",55.31 ,5.17 ,2.6750 ,12.0000,37.21,1828.40,30303.1699,3750.7700,3573.3412,55.00,90.64,131.5,85.2799,761.32,5001.05,12277.04,333.91,6.2
2021-01-26,52.82 ,"29,802.00 ",54.87 ,2.81 ,2.6290 ,102632.0000,23.02,1853.50,30937.0391,3849.6201,3569.4290,55.70,90.148,134.029999,84.9062,762.66,5024.55,12643.27,338.63,6.2
2021-01-25,52.84 ,"33,284.00 ",54.85 ,2.50 ,2.5970 ,7.0000,23.19,1858.00,30960.0000,3855.3601,3624.2381,56.55,90.373,133.940002,84.8238,757.66,5161.93,12849.82,346.23,6.2
2021-01-22,52.08 ,"44,885.00 ",54.69 ,2.80 ,2.4520 ,60559.0000,21.91,1852.40,30996.9805,3841.4700,3606.7496,55.85,90.212,132.830002,83.8552,750.18,5185.97,12856.54,349.85,6.2
2021-01-21,53.16 ,"38,725.00 ",55.14 ,2.50 ,2.4910 ,93135.0000,21.32,1867.30,31176.0098,3853.0701,3621.2641,56.38,90.127,133.339996,85.03,761.87,5188.75,12899.06,351.55,6.2
2021-01-20,52.97 ,"56,242.00 ",55.75 ,2.40 ,2.5330 ,123532.0000,21.58,1871.00,31188.3809,3851.8501,3583.0920,56.18,90.469,131.639999,85.2836,762.31,5397.81,13126,363.44,6.2
2021-01-19,52.94 ,"14,660.00 ",54.85 ,2.81 ,2.5460 ,201195.0000,23.24,1835.70,30930.5195,3798.9099,3566.3814,55.39,90.476,129.080002,84.9651,760.01,5431.06,12900.15,362.45,6.2
2021-01-15,52.07 ,"19,822.00 ",54.68 ,3.04 ,2.7530 ,145361.0000,24.34,1824.70,30814.2598,3768.2500,3566.3778,54.46,90.754,127.419998,84.5123,762.37,5311.12,12946.28,355.49,6.2
2021-01-14,53.70 ,"42,767.00 ",55.19 ,2.70 ,2.6640 ,152932.0000,23.25,1852.40,30991.5195,3795.5400,3565.9046,54.97,90.215,128.740005,86.0134,770.54,5517.7,13113.11,369.94,6.2
2021-01-13,52.79 ,"36,422.00 ",55.81 ,2.82 ,2.7420 ,157981.0000,22.21,1859.20,31060.4707,3809.8401,3598.6518,54.70,90.334,129.880005,85.4888,764.62,5365.63,12971.81,359.45,6.2
2021-01-12,53.37 ,"33,469.00 ",55.41 ,2.89 ,2.7320 ,193197.0000,23.33,1853.10,31068.6895,3801.1899,3608.3389,54.28,90.064,129.059998,85.9638,765.95,5481.5,13051.78,362.39,6.2
2021-01-11,52.19 ,"34,326.00 ",54.76 ,2.92 ,2.7880 ,168531.0000,24.08,1842.20,31008.6895,3799.6101,3531.4978,54.13,90.442,129.679993,84.5413,752.6,5235.49,12869.55,350.31,6.2
2021-01-08,52.73 ,"41,302.00 ",54.39 ,2.87 ,2.7000 ,140239.0000,21.56,1837.90,31097.9707,3824.6799,3570.1082,54.30,90.068,130.759995,84.6553,755.6,5144.36,12875.66,344.67,6.2
2021-01-07,50.90 ,"22,076.00 ",53.84 ,2.80 ,2.6770 ,128618.0000,22.37,1912.20,31041.1309,3803.7900,3576.2046,53.05,89.791,129.919998,82.5961,755.32,5209.66,12811.39,345.32,6.2
2021-01-06,50.53 ,"29,583.00 ",53.29 ,2.80 ,2.7150 ,136937.0000,25.07,1922.40,30829.4004,3748.1399,3550.8767,52.77,89.502,126.510002,82.304,754.01,5068.26,12706.32,340.04,6.2
2021-01-05,49.83 ,"44,544.00 ",50.75 ,2.79 ,2.6940 ,142236.0000,25.34,1942.10,30391.5996,3726.8601,3528.6767,52.95,89.409,128.729996,81.3174,752.24,4922.22,12359.23,329.94,6.2
2021-01-04,47.26 ,"31,858.00 ",51.35 ,2.69 ,2.5950 ,119239.0000,26.97,1946.40,30223.8906,3700.6499,3502.9584,52.34,89.845,127.900002,77.6712,733.66,4652.09,12230.03,315.91,6.2
2020-12-31,48.48 ,"12,669.00 ",50.24 ,2.33 ,2.5470 ,105026.0000,22.75,1891.90,30606.4805,3756.0701,3473.0693,51.81,89.894,130.020004,78.7245,731.59,4648.1,12506.93,315.39,6.4
2020-12-30,48.31 ,"17,683.00 ",50.22 ,2.31 ,2.4320 ,78181.0000,22.77,1896.50,30409.5605,3732.0400,3414.4527,51.72,89.649,129.830002,78.3552,728.22,4694.1,12459.23,317.94,6.4
2020-12-29,48.06 ,"16,183.00 ",50.16 ,2.41 ,2.4510 ,134999.0000,23.08,1887.60,30335.6699,3727.0400,3379.0362,50.82,89.918,129.899994,77.8533,723.59,4555.62,12429.48,312.74,6.4
2020-12-28,47.68 ,"19,989.00 ",50.10 ,2.42 ,2.3520 ,137135.0000,21.70,1871.90,30403.9707,3735.3601,3397.2854,50.19,90.275,130.520004,77.1063,717.03,4578.04,12524.02,314.73,6.4
2020-12-23,48.06 ,"27,520.00 ",49.46 ,2.15 ,2.6060 ,94176.0000,23.31,1879.40,30129.8301,3690.0100,3382.3195,50.42,90.34,128.210007,78.3445,721.97,4683.91,12516.57,318.64,6.4
2020-12-22,46.79 ,"23,145.00 ",49.22 ,2.69 ,2.7710 ,103700.0000,24.23,1862.30,30015.5098,3687.2600,3356.7822,50.05,90.546,129.190002,77.095,714.96,4509.99,12459.81,311.95,6.4
2020-12-21,47.87 ,"32,712.00 ",49.57 ,3.02 ,2.7000 ,99416.0000,25.16,1878.50,30216.4492,3694.9199,3420.5693,50.37,89.949,128.080002,78.0045,719.62,4584.8,12485.53,317.04,6.4
2020-12-18,49.10 ,"4,670.00 ",50.69 ,2.85 ,2.7060 ,111883.0000,21.57,1880.20,30179.0508,3709.4099,3394.8960,50.83,89.953,128.25,79.9594,725.56,4665.06,12566.07,322.64,6.4
2020-12-17,48.40 ,"15,327.00 ",50.78 ,5.32 ,2.6520 ,143068.0000,21.93,1889.00,30303.3691,3722.4800,3404.8732,51.01,89.741,128.699997,78.8925,720.03,4733.41,12639.18,327.95,6.4
2020-12-16,47.92 ,"23,627.00 ",50.12 ,5.54 ,2.6810 ,114438.0000,22.50,1866.80,30154.5391,3701.1699,3366.9832,50.63,90.359,127.690002,78.1117,712.11,4760.23,12497.95,329.82,6.4
2020-12-15,47.61 ,"27,676.00 ",49.61 ,4.24 ,2.6720 ,83.0000,22.89,1853.20,30199.3105,3694.6201,3367.2326,50.08,90.409,126.830002,77.6893,709.2,4816.96,12486.18,331.28,6.4
2020-12-14,47.04 ,"37,478.00 ",49.65 ,2.81 ,2.6690 ,137255.0000,24.72,1830.10,29861.5508,3647.4900,3369.1201,50.09,90.731,124.75,76.851,703.98,4710.88,12382.97,324.8,6.4
2020-12-11,46.56 ,"25,508.00 ",49.58 ,2.14 ,2.5950 ,151787.0000,23.31,1839.10,30046.3691,3663.4600,3347.1910,50.90,90.97,124.300003,76.1881,701.1,4878.73,12672.38,336.42,6.4
2020-12-10,47.03 ,"36,886.00 ",48.87 ,1.98 ,2.5730 ,189706.0000,22.52,1834.70,29999.2598,3668.1001,3373.2758,50.80,90.82,124.559998,76.4455,701.75,4967.28,12689.17,340.32,6.4
2020-12-09,45.78 ,"33,297.00 ",48.31 ,2.35 ,2.4250 ,155965.0000,22.27,1839.00,30068.8105,3672.8201,3371.9640,50.84,91.083,124.379997,74.1725,691.48,4770.11,12803.02,330.69,6.4
2020-12-08,45.60 ,"29,658.00 ",47.79 ,2.36 ,2.4440 ,151823.0000,20.68,1870.70,30173.8809,3702.2500,3410.1771,50.77,90.968,126.809998,74.1184,689,4733.93,12777.05,329.86,6.4
2020-12-07,45.66 ,"31,104.00 ",47.77 ,2.37 ,2.4260 ,202825.0000,21.30,1861.40,30069.7891,3691.9600,3416.6037,50.74,90.789,126.400002,74.1439,691.05,4693.85,12725.21,324.8,6.4
2020-12-04,45.97 ,"27,382.00 ",48.35 ,2.56 ,2.5530 ,132747.0000,20.79,1838.40,30218.2598,3699.1201,3444.5814,50.65,90.694,126.040001,74.9367,694.22,4836.69,12742.08,332.82,6.4
2020-12-03,45.70 ,"22,452.00 ",47.46 ,1.87 ,2.5120 ,250178.0000,21.28,1840.50,29969.5195,3666.7200,3442.1359,50.18,90.718,124.790001,74.0752,691.33,4502,12586.82,315.87,6.4
2020-12-02,44.97 ,"21,883.00 ",46.67 ,2.45 ,2.7560 ,134643.0000,21.17,1830.90,29883.7891,3669.0100,3449.3805,49.75,91.115,124.870003,73.825,691.22,4433.01,12546.54,312.62,6.4
2020-12-01,44.34 ,"20,472.00 ",46.72 ,2.63 ,2.8750 ,129571.0000,20.77,1813.50,29823.9199,3662.4500,3451.9384,49.56,91.297,125.059998,72.9243,689.53,4311.27,12493.74,303.44,6.7
2020-11-30,45.04 ,"22,421.00 ",46.43 ,2.59 ,2.9340 ,129989.0000,20.57,1774.70,29638.6406,3621.6299,3391.7551,48.80,91.858,123.480003,73.8507,690.42,4311.56,12450.17,302.33,6.7
2020-11-25,45.86 ,"37,250.00 ",46.91 ,1.44 ,2.9450 ,107551.0000,21.25,1816.30,29872.4707,3629.6499,3362.3274,49.34,91.966,122.010002,74.7721,692.9,4695.3,12621.42,323.14,6.7
2020-11-24,44.85 ,"39,002.00 ",45.51 ,1.70 ,2.8940 ,100589.0000,21.64,1797.40,30046.2402,3635.4099,3402.8225,49.65,92.22,121.75,73.6028,690.93,4778.79,12715.38,330.6,6.7
2020-11-23,42.88 ,"36,177.00 ",44.75 ,2.21 ,2.7060 ,37691.0000,22.66,1828.30,29591.2695,3577.5901,3414.4899,49.43,92.494,120.080002,70.7311,681.02,4562.39,12424.11,314.66,6.7
2020-11-20,42.39 ,"35,861.00 ",43.38 ,1.73 ,2.6650 ,72330.0000,23.70,1873.30,29263.4805,3557.5400,3377.7267,48.98,92.395,120.110001,69.3884,678.26,4215.98,12232.1,294.25,6.7
2020-11-19,41.74 ,"8,397.00 ",43.12 ,1.49 ,2.5970 ,153142.0000,23.11,1866.20,29483.2305,3581.8701,3363.0876,48.62,92.284,121.360001,68.5073,672.07,4246.04,12350.75,295.86,6.7
2020-11-18,41.61 ,"21,077.00 ",43.05 ,1.69 ,2.7150 ,114603.0000,23.84,1860.80,29438.4199,3567.7900,3347.3034,48.90,92.311,120.389999,68.8924,675.77,4168.19,12348.31,291.12,6.7
2020-11-17,41.28 ,"29,886.00 ",42.76 ,2.50 ,2.6900 ,105558.0000,22.71,1876.00,29783.3496,3609.5300,3339.8950,48.66,92.398,121.690002,68.1299,671.63,4259.04,12434.97,299.29,6.7
2020-11-16,41.41 ,"37,130.00 ",42.93 ,2.39 ,2.6760 ,177861.0000,22.45,1883.80,29950.4395,3626.9099,3346.9692,48.75,92.63,122.370003,68.1161,669.86,4196.15,12394.02,297.56,6.7
2020-11-13,40.08 ,"27,736.00 ",42.05 ,1.64 ,2.9710 ,121401.0000,23.10,1890.70,29479.8105,3585.1499,3310.1046,48.14,92.75,121.199997,67.0243,664.2,3954.78,12085.32,280.18,6.7
2020-11-12,40.92 ,"34,039.00 ",42.97 ,1.90 ,2.9440 ,123096.0000,25.35,1871.70,29080.1699,3537.0100,3338.6788,47.88,92.956,120.18,68.4407,667.26,3750.71,11838.75,270.08,6.7
2020-11-11,41.43 ,"32,511.00 ",43.42 ,1.48 ,3.0240 ,139714.0000,23.45,1857.50,29397.6309,3572.6599,3342.2025,47.76,93.024,121.260002,68.9612,668.77,3926.41,12006.71,279.61,6.7
2020-11-10,41.78 ,"40,070.00 ",41.72 ,1.15 ,2.9480 ,150665.0000,24.80,1865.00,29420.9199,3545.5300,3360.1485,47.80,92.736,118.449997,68.4972,667.13,3934.36,12096.55,281.5,6.7
2020-11-09,39.85 ,"59,453.00 ",39.97 ,0.42 ,2.8580 ,118422.0000,25.75,1867.00,29157.9707,3550.5000,3373.7337,48.31,92.715,120.699997,66.5557,653.81,3801.77,11900.46,274.93,6.7
2020-11-06,37.33 ,"36,785.00 ",39.22 ,0.28 ,2.8920 ,175853.0000,24.86,1949.20,28323.4004,3509.4399,3312.1590,47.66,92.225,121.580002,62.1386,643.76,3279.29,11614.65,242.06,6.7
2020-11-05,38.60 ,"22,945.00 ",39.79 ,0.53 ,2.9340 ,169161.0000,27.58,1946.60,28390.1797,3510.4500,3320.1333,47.26,92.516,121.150002,64.1554,648.83,3364.39,11669.58,247.09,6.7
2020-11-04,39.16 ,"26,586.00 ",39.09 ,0.63 ,3.0630 ,139391.0000,29.57,1901.00,27847.6602,3443.4399,3277.4402,46.06,93.411,117.5,64.7508,645.98,3363.96,11391.91,246.74,6.7
2020-11-03,38.16 ,"25,009.00 ",38.44 ,1.09 ,3.0540 ,173906.0000,35.55,1904.80,27480.0293,3369.1599,3271.0744,45.42,93.56,113.099998,62.6537,638.07,3341.36,11559.96,246.67,6.7
2020-11-02,37.01 ,"35,647.00 ",35.89 ,1.87 ,3.2360 ,147715.0000,37.13,1894.80,26925.0508,3310.2400,3225.1196,45.17,94.145,111.139999,61.8629,633.75,3373,11216.42,248.33,6.7
2020-10-30,35.67 ,"24,389.00 ",36.50 ,2.48 ,3.3890 ,140427.0000,38.02,1876.60,26501.5996,3269.9600,3224.5325,44.69,94.042,110.860001,60.7492,629.89,3256.05,11106.19,239.94,6.7
2020-10-29,36.07 ,"49,486.00 ",37.12 ,2.58 ,3.3160 ,163721.0000,37.59,1863.70,26659.1094,3310.1101,3272.7274,45.36,93.977,113.370003,60.998,629.15,3254.87,11183.52,239.54,6.7
2020-10-28,37.37 ,"50,373.00 ",38.42 ,2.39 ,3.2790 ,98132.0000,40.28,1881.90,26519.9492,3271.0300,3269.2380,45.38,93.409,111.510002,62.8092,635.91,3168.79,10945.62,232.7,6.7
2020-10-27,38.97 ,"28,393.00 ",39.53 ,1.74 ,3.3070 ,148830.0000,33.35,1905.40,27463.1895,3390.6799,3254.3157,45.94,92.927,116.449997,65.8314,651.58,3337.52,11431.61,242.36,6.7
2020-10-26,38.62 ,"36,388.00 ",39.22 ,1.97 ,3.2430 ,95143.0000,32.46,1902.90,27685.3809,3400.9700,3251.1188,45.80,93.044,115.870003,64.2955,647.03,3368.38,11604.82,245.48,6.7
2020-10-23,39.70 ,"21,736.00 ",41.05 ,1.11 ,2.9400 ,70039.0000,27.55,1901.40,28335.5703,3465.3899,3277.9972,46.04,92.765,118.440002,66.0458,652.95,3560.33,11880.13,254.3,6.7
2020-10-22,40.62 ,"22,100.00 ",40.91 ,0.74 ,2.9820 ,87656.0000,28.11,1902.60,28363.6602,3453.4900,3312.5005,46.04,92.964,118.57,67.1853,656.3,3531.06,11748.55,255.52,6.7
2020-10-21,40.03 ,"46,143.00 ",40.88 ,0.90 ,3.0300 ,140307.0000,28.65,1923.30,28210.8203,3435.5601,3325.0247,46.09,92.599,119.129997,66.3465,655.98,3383.47,11725.02,245.48,6.7
2020-10-20,41.17 ,"40,395.00 ",41.04 ,1.48 ,2.9000 ,114431.0000,29.35,1912.50,28308.7891,3443.1201,3328.1029,45.93,93.051,119.309998,68.3366,657.83,3484.32,11860.3,250.46,6.7
2020-10-19,40.84 ,"6,434.00 ",41.38 ,1.27 ,2.8320 ,140419.0000,29.18,1898.20,28195.4199,3426.9199,3312.6671,45.66,93.429,118.900002,67.6334,653.3,3432.6,11708.09,247.4,6.7
2020-10-16,40.72 ,"15,327.00 ",41.37 ,1.29 ,2.6880 ,138836.0000,27.41,1896.10,28606.3105,3483.8101,3336.3582,45.53,93.679,121.120003,67.928,652.52,3527.04,11836.43,252.54,6.7
2020-10-15,40.86 ,"17,995.00 ",41.29 ,1.47 ,2.7810 ,141163.0000,26.97,1906.30,28494.1992,3483.3401,3332.1832,45.38,93.864,121.470001,68.1277,653.76,3649.67,11988.83,258.4,6.7
2020-10-14,41.14 ,"26,728.00 ",41.20 ,1.27 ,2.6490 ,172514.0000,26.40,1896.80,28514.0000,3488.6699,3340.7782,45.99,93.366,122.019997,68.2369,651.14,3581.44,11887.49,255.34,6.7
2020-10-13,40.18 ,"30,276.00 ",40.68 ,1.23 ,2.7640 ,156792.0000,26.07,1886.40,28679.8105,3511.9299,3359.7499,46.02,93.536,122.669998,67.2464,645.92,3560.99,11783.22,254.53,6.7
2020-10-12,39.50 ,"26,011.00 ",40.57 ,1.25 ,2.8350 ,160238.0000,25.07,1920.10,28837.5195,3534.2200,3358.4652,46.06,93.104,123.459999,66.1084,643.66,3629.82,11880.44,258.29,6.7
2020-10-09,40.50 ,"18,281.00 ",41.61 ,0.60 ,2.7630 ,184090.0000,25.00,1927.20,28586.9004,3477.1399,3272.0762,45.47,93.065,120.18,67.36,649.52,3600.24,11861.95,257.39,6.7
2020-10-08,41.31 ,"35,072.00 ",41.06 ,0.66 ,2.6320 ,176179.0000,26.36,1890.20,28425.5098,3446.8301,3218.0521,45.34,93.648,118.370003,67.5303,641.77,3649.21,11762.56,261.4,6.7
2020-10-07,40.05 ,"39,905.00 ",40.45 ,1.14 ,2.5940 ,188622.0000,28.06,1876.50,28303.4609,3419.4399,3218.0521,44.95,93.678,117.760002,65.3788,634.67,3514.15,11690.02,251.93,6.7
2020-10-06,39.86 ,"28,227.00 ",40.33 ,1.16 ,2.5120 ,137951.0000,29.48,1871.20,27772.7598,3360.9700,3218.0521,44.71,93.744,115.639999,66.0568,631.48,3436.87,11399.14,248.2,6.7
2020-10-05,39.39 ,"22,067.00 ",39.07 ,1.11 ,2.6310 ,179703.0000,27.96,1912.40,28148.6406,3408.6001,3218.0521,44.26,93.545,117.459999,64.1148,623.95,3521.26,11482.09,252.05,6.7
2020-10-02,37.02 ,"24,276.00 ",38.09 ,0.79 ,2.4390 ,149653.0000,27.63,1899.00,27682.8105,3348.4199,3218.0521,43.89,93.909,114.940002,60.7247,611.51,3385.06,11297.1,244.59,6.7
2020-10-01,38.50 ,"32,941.00 ",39.94 ,0.49 ,2.4820 ,141315.0000,26.70,1903.50,27816.9004,3380.8000,3218.0521,44.13,93.762,117.93,63.0493,617.8,3323.67,11211.11,242,6.9
2020-09-30,39.96 ,"31,270.00 ",40.65 ,0.95 ,2.5450 ,140350.0000,26.37,1883.50,27781.6992,3363.0000,3218.0521,43.83,93.927,116.699997,65.0652,626.67,3430.02,11229.72,249.51,6.9
2020-09-29,39.03 ,"46,429.00 ",41.46 ,1.17 ,2.4980 ,183359.0000,26.27,1895.40,27452.6602,3335.4700,3224.3593,43.29,93.927,115.730003,63.9542,618.62,3455.92,11301.01,250.37,6.9
2020-09-28,40.57 ,"20,906.00 ",41.61 ,1.40 ,2.7680 ,109003.0000,26.19,1856.30,27584.0605,3351.6001,3217.5346,43.34,94.302,116.120003,66.2559,626.11,3559.19,11440.95,257.21,6.9
2020-09-25,40.04 ,"21,892.00 ",41.93 ,0.98 ,2.1340 ,31491.0000,26.38,1864.50,27173.9609,3298.4600,3219.4179,42.89,94.682,113.940002,65.6281,623.05,3482.01,11270,251.31,6.9
2020-09-24,40.20 ,"24,695.00 ",41.22 ,1.36 ,2.1820 ,58853.0000,28.51,1875.50,26815.4395,3246.5901,3223.1764,42.83,94.394,111.279999,65.7139,623.66,3494.13,11117.48,251.38,6.9
2020-09-23,39.60 ,"26,649.00 ",41.40 ,1.27 ,2.1950 ,96987.0000,28.58,1913.10,26763.1309,3236.9199,3279.7105,43.63,94.443,110.660004,65.1453,623.93,3469.04,11095.09,251.07,6.9
2020-09-22,39.82 ,"26,075.00 ",41.32 ,1.13 ,1.8450 ,99037.0000,26.86,1884.20,27288.1797,3315.5701,3274.3015,43.84,94.018,114.220001,64.4837,625.87,3657.36,11215.01,262.82,6.9
2020-09-21,39.33 ,"5,090.00 ",41.49 ,0.78 ,1.8800 ,232140.0000,27.78,1952.00,27147.6992,3281.0601,3316.9351,44.13,93.684,112.440002,64.5255,626.04,3675.79,11129.51,265.43,6.9
2020-09-18,40.95 ,"11,712.00 ",42.98 ,0.99 ,2.0570 ,146579.0000,25.83,1937.70,27657.4199,3319.4700,3338.0897,44.87,92.952,111.760002,67.0087,642.75,3830.37,11431.92,274.21,6.9
2020-09-17,40.90 ,"27,608.00 ",42.07 ,0.89 ,1.9910 ,230720.0000,26.46,1956.70,27901.9805,3357.0100,3270.4350,44.80,92.969,113.720001,66.8776,638.41,3853.21,11552.36,277.42,6.9
2020-09-16,40.24 ,"41,984.00 ",41.29 ,0.95 ,2.2530 ,111390.0000,26.04,1968.50,28032.3809,3385.4900,3283.9244,45.20,93.231,114.669998,65.5544,633.94,3832.93,11555.14,277.23,6.9
2020-09-15,38.39 ,"31,016.00 ",39.35 ,1.31 ,2.3570 ,103867.0000,25.59,1943.00,27995.5996,3401.2000,3295.6795,45.02,93.085,116.470001,63.4083,625.48,3661.79,11476.96,266.38,6.9
2020-09-14,37.34 ,"36,032.00 ",38.96 ,1.23 ,2.3030 ,142122.0000,25.85,1938.70,27993.3301,3383.5400,3278.8138,44.68,92.912,115.330002,62.2207,623.29,3689.02,11380.84,268.47,6.9
2020-09-11,37.33 ,"32,839.00 ",39.37 ,1.23 ,2.2500 ,109257.0000,26.87,1946.00,27665.6406,3340.9700,3260.3461,44.18,93.32,112.959999,62.0338,619.89,3624.94,11282.64,266.55,6.9
2020-09-10,36.98 ,"30,166.00 ",39.83 ,1.42 ,2.3130 ,131139.0000,29.71,1945.10,27534.5801,3339.1899,3234.8234,43.92,93.331,113.830002,61.8848,616.56,3592.2,11178.97,265.96,6.9
2020-09-09,37.79 ,"39,416.00 ",39.82 ,1.65 ,2.3930 ,190404.0000,28.81,1929.80,27940.4707,3398.9600,3254.6279,43.94,93.258,116.459999,62.7514,617.5,3796.03,11244.98,276.18,6.9
2020-09-08,36.73 ,"62,822.00 ",40.29 ,1.74 ,2.3630 ,206019.0000,31.46,1921.30,27500.8906,3331.8401,3316.4170,44.01,93.441,112.779999,60.8732,610.25,3760.7,11080.87,274.52,6.9
2020-09-04,39.46 ,"36,489.00 ",43.42 ,1.35 ,2.5790 ,156627.0000,30.75,1932.40,28133.3105,3426.9600,3355.3666,44.49,92.719,118.120003,65.1951,623.14,3961.36,11225.51,285.54,6.9
2020-09-03,41.28 ,"34,964.00 ",43.36 ,1.58 ,2.4810 ,141190.0000,33.60,1939.30,28292.7305,3455.0601,3384.9806,44.86,92.733,119.790001,66.7284,624.08,3973.15,11168.57,286.48,6.9
2020-09-02,41.58 ,"32,108.00 ",45.03 ,1.75 ,2.4850 ,240046.0000,26.57,1968.40,29100.5000,3580.8401,3404.8017,45.27,92.834,127.029999,67.3375,628.85,4016.76,11451.51,288.8,6.9
2020-09-01,42.98 ,"25,412.00 ",45.30 ,1.37 ,2.5170 ,218636.0000,26.12,1966.40,28645.6602,3526.6499,3410.6068,45.31,92.337,125.910004,69.159,636.19,4083.77,11316.69,290.28,7.9
2020-08-31,42.80 ,"21,079.00 ",46.27 ,1.30 ,2.6290 ,193350.0000,26.41,1961.60,28430.0508,3500.3101,3395.6775,44.56,92.131,123.550003,69.0464,635.22,4100.37,11185.35,292.51,7.9
2020-08-28,42.97 ,"29,931.00 ",45.33 ,1.09 ,2.6540 ,139598.0000,22.96,1972.50,28653.8691,3508.0100,3403.8066,45.38,92.379,123.160004,69.8575,636.32,4212.25,11322,299.21,7.9
2020-08-27,43.01 ,"37,847.00 ",45.81 ,1.62 ,2.7030 ,199270.0000,24.47,1950.80,28492.2695,3484.5500,3350.1128,45.20,92.991,122.089996,69.7418,632.94,4144.12,11205.61,293.91,7.9
2020-08-26,43.48 ,"34,943.00 ",46.05 ,1.98 ,2.5280 ,126605.0000,23.27,1921.80,28331.9199,3478.7300,3329.7388,45.28,92.996,121.989998,70.2873,630.73,4092.74,11126.55,292.96,7.9
2020-08-25,43.42 ,"43,226.00 ",45.87 ,1.65 ,2.4810 ,42908.0000,22.03,1923.00,28248.4395,3443.6201,3373.5781,45.09,93.019,119.559998,70.5553,629.53,4216.73,11127.01,299.79,7.9
2020-08-24,42.41 ,"40,404.00 ",45.19 ,1.89 ,2.5130 ,96397.0000,22.37,1934.30,28308.4609,3431.2800,3385.6383,44.82,93.289,118.959999,69.6763,624.17,4219.23,11148.61,303.8,7.9
2020-08-21,42.26 ,"38,634.00 ",44.92 ,1.29 ,2.4410 ,129151.0000,22.54,1948.30,27930.3301,3397.1599,3380.6825,44.16,93.24,117.940002,68.5862,620.39,4102.49,10940.68,295.53,7.9
2020-08-20,42.75 ,"37,920.00 ",45.05 ,1.21 ,2.3550 ,126659.0000,22.72,1938.70,27739.7305,3385.5100,3363.8988,43.71,92.778,116.459999,69.3075,623.74,4148.17,10893.93,297.64,7.9
2020-08-19,42.95 ,"6,455.00 ",45.19 ,1.18 ,2.4300 ,98087.0000,22.54,1998.80,27692.8809,3374.8501,3408.1288,44.46,92.88,114.93,69.9369,628.82,4262.48,10883.12,304.2,7.9
2020-08-18,42.54 ,"18,832.00 ",45.49 ,1.42 ,2.4110 ,128912.0000,21.51,1975.90,27778.0703,3389.7800,3451.0894,44.70,92.259,115.07,70.0526,628.51,4312.71,10865.12,307.61,7.9
2020-08-17,42.79 ,"24,592.00 ",44.94 ,1.52 ,2.3400 ,124356.0000,21.35,1941.00,27844.9102,3381.9900,3438.8010,44.50,92.847,114.639999,69.6496,625.19,4387.84,10952.94,313.12,7.9
2020-08-14,42.25 ,"27,290.00 ",44.62 ,1.32 ,2.3450 ,213190.0000,22.05,1947.00,27931.0195,3372.8501,3360.0988,44.22,93.085,113.879997,68.7563,615.81,4429.61,10959.54,315.04,7.9
2020-08-13,42.35 ,"31,657.00 ",45.34 ,1.49 ,2.1910 ,2.0000,22.13,1909.10,27896.7207,3373.4299,3320.7261,44.34,93.317,113.959999,68.4913,614.29,4350.41,10886.48,311.92,7.9
2020-08-12,42.57 ,"32,568.00 ",45.08 ,1.71 ,2.1510 ,150195.0000,22.28,1906.30,27976.8398,3380.3501,3319.2656,44.24,93.408,113.910004,68.8953,610.94,4457.71,10936.1,318.08,7.9
2020-08-11,41.64 ,"43,195.00 ",45.21 ,1.96 ,2.1520 ,141067.0000,24.03,2021.10,27686.9102,3333.6899,3340.2900,44.12,93.6,111.379997,67.4915,604.51,4379.68,10889.53,316.08,7.9
2020-08-10,41.99 ,"38,053.00 ",45.01 ,1.96 ,2.1670 ,175220.0000,22.13,2026.60,27791.4395,3360.4700,3379.2524,43.93,93.569,113.419998,67.6763,608.8,4443.85,10864.94,317.33,7.9
2020-08-07,41.61 ,"35,379.00 ",44.87 ,1.38 ,2.2550 ,174602.0000,22.21,2058.30,27433.4805,3351.2800,3354.0352,44.04,93.412,113.739998,66.9488,603.73,4298.67,10576.38,307.81,7.9
2020-08-06,41.91 ,"31,384.00 ",45.17 ,1.35 ,2.1560 ,153924.0000,22.65,2034.40,27386.9805,3349.1599,3386.4631,44.74,92.768,115.459999,67.6726,610.35,4254.02,10331.09,307.08,7.9
2020-08-05,42.30 ,"43,356.00 ",45.34 ,1.57 ,2.2070 ,172551.0000,22.99,2016.10,27201.5195,3327.7700,3377.5648,44.60,92.85,113.860001,68.1516,610.48,4293.9,10215.41,309.31,7.9
2020-08-04,41.52 ,"39,069.00 ",44.27 ,1.79 ,2.1780 ,214776.0000,23.76,1971.00,26828.4707,3306.5100,3371.6875,44.04,93.378,113.440002,67.2247,604.88,4223.91,10086.66,305.9,7.9
2020-08-03,40.73 ,"24,586.00 ",44.02 ,1.64 ,2.0980 ,349121.0000,24.28,1973.30,26664.4004,3294.6101,3367.9658,43.56,93.507,113.150002,66.3203,601.25,4140.74,10011.72,298.4,7.9
2020-07-31,40.44 ,"28,813.00 ",43.02 ,1.50 ,1.8160 ,102739.0000,24.46,1947.40,26428.3203,3271.1201,3310.0065,43.62,93.321,110.43,64.4037,591.33,4147.86,9994.81,297.29,8.4
2020-07-30,40.34 ,"42,278.00 ",42.99 ,1.51 ,1.8370 ,145920.0000,24.76,1952.60,26313.6504,3246.2200,3286.8220,43.75,93.009,107.739998,64.1384,587.94,4141.61,9907.48,299.28,8.4
2020-07-29,41.32 ,"32,047.00 ",43.59 ,1.80 ,1.9150 ,156662.0000,24.10,1928.60,26539.5703,3258.4399,3294.5521,43.94,93.432,107.139999,66.1414,595.25,4284.63,9906.38,311.38,8.4
2020-07-28,41.10 ,"29,016.00 ",43.40 ,1.88 ,1.8620 ,133020.0000,25.44,1931.50,26379.2793,3218.4399,3227.9604,43.74,93.647,105.610001,65.5434,591.8,4152.33,9696.55,304.86,8.4
2020-07-27,41.67 ,"32,156.00 ",43.14 ,1.89 ,1.7300 ,34729.0000,24.74,1884.00,26584.7695,3239.4099,3205.2268,43.40,93.615,106.860001,65.8679,592.49,4226.45,9817.42,310.22,8.4
2020-07-24,41.31 ,"27,376.00 ",43.38 ,1.79 ,1.7940 ,66902.0000,25.84,1882.30,26469.8906,3215.6299,3196.7684,42.88,94.38,105.199997,65.9632,590.63,4291.29,9730.12,309.88,8.4
2020-07-23,41.06 ,"33,346.00 ",44.62 ,1.75 ,1.7800 ,115856.0000,26.08,1867.00,26652.3301,3235.6599,3325.1102,43.56,94.649,106.489998,65.6497,590.78,4313.51,9763.69,311.8,8.4
2020-07-22,41.85 ,"33,936.00 ",44.24 ,1.75 ,1.6940 ,1.0000,24.32,1836.80,27005.8398,3276.0200,3333.1635,43.56,94.93,109.330002,66.4156,589.52,4329.48,9797.25,312.13,8.4
2020-07-21,41.54 ,"30,693.00 ",44.29 ,1.75 ,1.6700 ,116927.0000,24.84,1814.70,26840.4004,3257.3000,3320.8947,43.89,95.06,108.459999,66.5578,587.33,4382.34,9810.31,316.33,8.4
2020-07-20,40.76 ,"4,471.00 ",43.03 ,1.75 ,1.6420 ,156173.0000,24.46,1810.10,26680.8691,3251.8401,3314.1490,43.03,95.772,109.559998,64.7727,579.3,4112.66,9745.13,297.99,8.4
2020-07-17,40.61 ,"10,761.00 ",43.22 ,1.74 ,1.7050 ,102994.0000,25.68,1794.90,26671.9492,3224.7300,3214.1287,42.65,95.889,106.830002,64.7022,579.75,4150.32,9900.09,303.19,8.4
2020-07-16,40.73 ,"19,053.00 ",43.80 ,1.57 ,1.7280 ,125828.0000,28.00,1813.50,26734.7109,3215.5701,3210.0986,42.28,96.319,106.309998,65.0469,580.05,4234.53,9791.39,307.88,8.4
2020-07-15,40.92 ,"21,906.00 ",44.12 ,1.65 ,1.7840 ,85989.0000,27.76,1811.00,26870.0996,3226.5601,3361.3044,43.09,96.039,107.639999,65.8477,581.48,4247.04,9737.44,309.49,8.4
2020-07-14,40.53 ,"28,528.00 ",43.02 ,1.66 ,1.7430 ,122012.0000,29.52,1805.00,26642.5898,3197.5200,3414.6186,42.80,96.207,107.059998,64.6601,576.96,4134.53,9465.24,303.35,8.4
2020-07-13,39.55 ,"27,762.00 ",43.38 ,1.70 ,1.7300 ,138975.0000,32.19,1799.00,26085.8008,3155.2200,3443.2863,43.27,96.407,105.839996,64.499,578.53,3977.07,9305.95,292.81,8.4
2020-07-10,40.53 ,"33,489.00 ",43.46 ,1.68 ,1.8190 ,146457.0000,27.29,1812.40,26075.3008,3185.0400,3383.3222,43.18,96.614,108.080002,65.2058,579.87,4036.11,9312.48,294.66,8.4
2020-07-09,39.57 ,"23,509.00 ",43.31 ,1.75 ,1.7730 ,159211.0000,29.26,1815.50,25706.0898,3152.0500,3450.5935,43.60,96.673,108.110001,63.8619,575.43,3905.48,9140.43,285.64,8.4
2020-07-08,40.86 ,"20,885.00 ",43.44 ,1.76 ,1.8190 ,149854.0000,28.08,1803.90,26067.2793,3169.9399,3403.4401,43.21,96.368,107.720001,65.3684,578.83,4141.68,9322.43,300.04,8.4
2020-07-07,40.51 ,"23,351.00 ",43.15 ,1.77 ,1.8750 ,957.0000,29.43,1790.10,25890.1797,3145.3201,3345.3369,42.49,96.839,105.989998,65.2001,576.17,4147.85,9278.61,300.14,8.4
2020-07-06,40.60 ,"20,640.00 ",43.57 ,1.76 ,1.8300 ,217641.0000,27.94,1781.80,26287.0293,3179.7200,3332.8807,42.79,96.682,107.110001,64.9846,573.8,4297.29,9386.94,309.51,8.4
2020-07-02,40.43 ,"26,938.00 ",42.89 ,1.48 ,1.7260 ,134583.0000,27.68,1773.80,25827.3594,3130.0100,3090.5693,41.28,97.301,105.269997,64.6291,569.75,4286.38,9235.7,308.02,8.4
2020-07-01,39.87 ,"25,698.00 ",42.66 ,1.46 ,1.6950 ,161255.0000,28.62,1791.10,25734.9707,3115.8601,3025.9810,40.33,97.155,104.660004,63.0742,564.95,4209.88,9153.01,304.39,10.2
2020-06-30,39.74 ,"30,700.00 ",38.22 ,1.56 ,1.7580 ,175227.0000,30.43,1776.30,25812.8809,3100.2900,2984.6741,40.07,97.349,104.489998,62.4338,561.3,4335.85,9172.72,312.09,10.2
2020-06-29,39.63 ,"31,919.00 ",37.34 ,1.62 ,1.6930 ,251028.0000,31.78,1764.70,25595.8008,3053.2400,2961.5164,40.02,97.501,102.650002,62.7002,556.54,4209.71,9052.64,305.24,10.2
2020-06-26,38.29 ,"33,041.00 ",37.99 ,1.40 ,1.5480 ,115371.0000,34.73,1764.30,25015.5508,3009.0500,2979.5505,40.19,97.404,101.540001,60.7279,547.21,4137.78,8805.74,300.65,10.2
2020-06-25,39.05 ,"34,995.00 ",37.18 ,1.39 ,1.5250 ,243576.0000,32.22,1766.30,25745.5996,3083.7600,2979.5505,40.42,97.388,103.580002,61.2891,549.27,4319.19,9000.3,311.96,10.2
2020-06-24,38.03 ,"52,845.00 ",38.17 ,1.51 ,1.6010 ,40991.0000,33.84,1776.30,25445.9395,3050.3301,2979.5505,40.64,97.129,102.269997,60.8992,549.72,4236.09,8899.24,306.08,10.2
2020-06-23,40.07 ,"27,251.00 ",39.85 ,1.58 ,1.6300 ,74247.0000,31.37,1756.30,26156.0996,3131.2900,2970.6203,40.82,96.608,104.629997,64.3585,561.99,4527.7,9181.57,324.1,10.2
2020-06-22,40.60 ,"22,137.00 ",38.96 ,1.69 ,1.6600 ,106491.0000,31.77,1746.20,26024.9609,3117.8601,2965.2717,40.24,96.985,103.879997,64.8291,563.62,4531,9061.98,324.04,10.2
2020-06-19,39.80 ,"4,483.00 ",39.45 ,1.44 ,1.6680 ,115150.0000,35.12,1724.00,25871.4609,3097.7400,2967.6341,40.25,97.577,102.239998,63.7654,560.34,4541.95,9077.75,322.21,10.2
2020-06-18,38.82 ,"15,826.00 ",37.70 ,1.41 ,1.6380 ,112050.0000,32.94,1728.60,26080.0996,3115.3401,2939.3151,40.01,97.4,102.949997,62.675,555.58,4618.97,9207.63,327.6,10.2
2020-06-17,37.71 ,"27,355.00 ",37.59 ,1.44 ,1.6380 ,131333.0000,33.47,1727.20,26119.6094,3113.4900,2935.8730,39.97,97.144,102.489998,61.5855,552.95,4542.53,9239.09,323.65,10.2
2020-06-16,37.88 ,"36,316.00 ",36.75 ,1.34 ,1.6140 ,150669.0000,33.67,1719.90,26289.9805,3124.7400,2931.7493,39.78,96.933,102.510002,61.8871,552.5,4747.21,9259.63,334.77,10.2
2020-06-15,37.09 ,"37,095.00 ",35.09 ,1.23 ,1.6730 ,180051.0000,34.40,1730.00,25763.1602,3066.5901,2890.0306,38.84,96.978,100.370003,60.1853,547.38,4597.89,9160.08,325.61,10.2
2020-06-12,36.54 ,"33,461.00 ",35.06 ,1.27 ,1.7450 ,136593.0000,36.09,1731.30,25605.5391,3041.3101,2919.7408,39.90,97.305,99.410004,59.0471,546.31,4591.8,9081.9,324.81,10.2
2020-06-11,36.20 ,"54,892.00 ",36.55 ,1.49 ,1.8160 ,182140.0000,40.79,1736.20,25128.1699,3002.1001,2920.8968,39.97,96.739,98.139999,59.1487,548.17,4435.29,8839.36,316.18,10.2
2020-06-10,39.08 ,"40,605.00 ",37.46 ,1.58 ,1.7910 ,174288.0000,27.57,1712.00,26989.9902,3190.1399,2943.7525,40.93,95.95,104.110001,63.3426,561.24,4895.74,9579.07,349.24,10.2
2020-06-09,38.52 ,"27,708.00 ",37.09 ,1.57 ,1.7620 ,168844.0000,27.57,1698.90,27272.3008,3207.1799,2956.1116,40.81,96.321,102.400002,62.4505,556.72,5184.83,9825.57,367.54,10.2
2020-06-08,38.17 ,"29,347.00 ",38.89 ,1.55 ,1.8080 ,178341.0000,25.81,1679.50,27572.4395,3232.3899,2937.7712,40.73,96.608,101.919998,61.5456,553.25,5500.75,10052.85,382.03,10.2
2020-06-05,38.94 ,"30,020.00 ",36.83 ,1.34 ,1.8000 ,176950.0000,24.52,1712.30,27110.9805,3193.9299,2930.7993,40.53,96.922,101.410004,63.1771,556.58,5170.75,9872.96,365.25,10.2
2020-06-04,37.32 ,"22,505.00 ",34.84 ,1.45 ,1.8210 ,104111.0000,25.81,1694.00,26281.8203,3112.3501,2919.2506,39.96,96.657,98.809998,59.7502,544.95,4741.05,9575.25,339.48,10.2
2020-06-03,36.80 ,"31,561.00 ",35.46 ,1.59 ,1.8100 ,174234.0000,25.66,1724.40,26269.8906,3122.8701,2923.3711,39.96,97.259,99.629997,59.4911,541.47,4719.79,9440.77,339.45,10.2
2020-06-02,36.86 ,"24,269.00 ",34.95 ,1.51 ,1.7730 ,131018.0000,26.84,1737.40,25742.6504,3080.8201,2921.3980,39.09,97.659,98.860001,59.1437,539.82,4592.74,9134.88,329.24,10.2
2020-06-01,35.65 ,"24,616.00 ",33.68 ,1.33 ,1.7810 ,192447.0000,28.23,1731.60,25475.0195,3055.7300,2915.4311,38.46,97.82,97.940002,56.9898,532.88,4426.27,8965.91,320.41,11
2020-05-29,35.19 ,"23,727.00 ",29.01 ,1.25 ,1.8400 ,192732.0000,27.51,1717.00,25383.1094,3044.3101,2852.3512,37.60,98.341,97.970001,56.901,531.78,4318.69,8969.79,314.98,11
2020-05-28,33.74 ,"26,685.00 ",28.45 ,1.32 ,1.8230 ,153065.0000,28.59,1692.80,25400.6406,3029.7300,2846.2217,37.36,98.372,96.75,54.3912,521.72,4394.03,9005.43,315.82,11
2020-05-27,32.16 ,"21,835.00 ",29.03 ,1.51 ,1.8770 ,153417.0000,27.62,1707.40,25548.2695,3036.1299,2836.8036,37.44,99.058,96.940002,53.8638,518.73,4556.27,9151.39,325.03,11
2020-05-26,34.13 ,"20,414.00 ",29.75 ,1.47 ,1.9320 ,181441.0000,28.01,1726.60,24995.1094,2991.7700,2846.5473,37.41,98.906,96.389999,55.9868,527.65,4498.8,8895.61,321.6,11
2020-05-22,33.44 ,"29,646.00 ",28.06 ,1.22 ,1.7450 ,50826.0000,28.16,1723.40,24465.1602,2955.4500,2813.7654,36.51,99.888,96.489998,54.4256,520.04,4397.01,8470.09,312.48,11
2020-05-21,33.84 ,"26,239.00 ",29.70 ,1.26 ,1.7200 ,95441.0000,29.53,1752.10,24474.1191,2948.5100,2867.9237,37.52,99.403,96.139999,55.3857,524.45,4406.14,8452.85,314.3,11
2020-05-20,33.53 ,"30,416.00 ",28.68 ,1.43 ,1.7810 ,147491.0000,27.99,1749.50,24575.9004,2971.6101,2883.7378,37.59,99.135,97.5,55.0993,527.42,4455.49,8488.98,318.94,11
2020-05-19,31.79 ,"44,473.00 ",28.43 ,1.48 ,1.7960 ,210974.0000,30.53,1734.10,24206.8594,2922.9399,2898.5760,37.33,99.366,95.410004,53.5374,520.71,4283.76,8228.93,307.1,11
2020-05-18,31.99 ,"6,156.00 ",28.21 ,1.59 ,1.7660 ,209826.0000,29.30,1750.90,24597.3691,2953.9099,2875.4176,36.83,99.681,95.760002,53.623,519.64,4412.38,8322.86,316.19,11
2020-05-15,29.67 ,"18,559.00 ",26.54 ,1.11 ,1.6360 ,157212.0000,31.89,1736.50,23685.4199,2863.7000,2868.4587,36.35,100.434,93.470001,49.919,503.1,4023.24,7761,293.64,11
2020-05-14,27.69 ,"29,488.00 ",24.93 ,1.04 ,1.6740 ,193408.0000,32.61,1720.20,23625.3398,2852.5000,2870.3422,36.34,100.507,93,48.0529,496.46,4001.58,7861.34,294.34,11
2020-05-13,25.60 ,"22,178.00 ",23.25 ,1.25 ,1.6430 ,229395.0000,35.28,1701.30,23247.9707,2820.0000,2898.0495,36.67,100.291,91.830002,45.438,487.21,3990.03,7823.8,291.5,11
2020-05-12,25.23 ,"28,796.00 ",22.83 ,1.40 ,1.7000 ,205157.0000,33.04,1690.20,23764.7793,2870.1201,2891.5564,36.67,99.956,93.440002,46.3167,493.53,4202.38,8000.55,305.16,11
2020-05-11,24.51 ,"16,585.00 ",22.71 ,1.46 ,1.8490 ,197224.0000,27.57,1703.80,24221.9902,2930.1899,2894.8020,36.91,100.27,95.410004,45.6266,490.98,4279.72,8234.18,312.34,11
2020-05-08,24.62 ,"24,007.00 ",22.21 ,1.38 ,1.8250 ,165785.0000,27.98,1721.50,24331.3203,2929.8000,2895.3444,36.77,99.769,94.779999,46.7615,495.53,4378.55,8332.5,317.67,11
2020-05-07,23.35 ,"27,927.00 ",22.91 ,1.60 ,1.9000 ,210918.0000,31.44,1694.80,23875.8906,2881.1899,2871.5232,36.17,99.906,93.410004,44.4072,486.63,4173.26,8050.59,304.33,11
2020-05-06,24.05 ,"28,359.00 ",22.40 ,1.43 ,1.9480 ,239359.0000,34.12,1709.30,23664.6406,2848.4199,2878.1402,36.23,100.136,92.029999,44.259,481.15,4056.02,7931.83,296.94,11
2020-05-05,25.45 ,"31,024.00 ",21.43 ,1.64 ,2.0820 ,281476.0000,33.61,1704.00,23883.0898,2868.4399,2860.0822,36.05,99.762,91.32,46.3105,489.77,4155.14,8047.3,305,11
2020-05-04,21.10 ,"26,395.00 ",18.36 ,1.65 ,1.9880 ,174684.0000,35.97,1698.80,23749.7598,2842.7400,2860.0822,35.70,99.567,90.080002,40.8351,470,4189.07,7980.96,304.72,11
2020-05-01,19.74 ,"36,034.00 ",16.52 ,1.30 ,1.8820 ,172039.0000,37.19,1688.10,23723.6895,2830.7100,2860.0822,35.65,99.1,88.900002,39.7756,466.89,3987.9,8144.86,293.96,13.2
2020-04-30,18.96 ,"35,792.00 ",18.05 ,1.40 ,1.9380 ,160578.0000,34.15,1705.10,24345.7207,2912.4299,2860.0822,37.08,99.028,91.410004,40.0104,469.15,4328.46,8377.08,313,13.2
2020-04-29,15.49 ,"51,973.00 ",14.36 ,1.55 ,1.8780 ,149947.0000,31.23,1709.90,24633.8594,2939.5100,2822.4424,37.09,99.644,91.82,36.3993,455.72,4336.57,8628.62,319.52,13.2
2020-04-28,13.45 ,"78,007.00 ",12.41 ,1.69 ,1.9540 ,152019.0000,33.57,1716.70,24101.5508,2863.3899,2810.0243,36.40,99.934,88.199997,34.2682,448.87,3907.84,8407.32,297.33,13.2
2020-04-27,12.80 ,"67,152.00 ",13.30 ,1.57 ,1.9230 ,203161.0000,33.29,1714.90,24133.7793,2878.4800,2815.4947,36.10,100.097,89.389999,30.8193,437.18,3804.03,8317.42,290.92,13.2
2020-04-24,17.00 ,"50,103.00 ",14.31 ,1.64 ,1.7100 ,74367.0000,35.93,1741.40,23775.2695,2836.7400,2808.5293,35.46,100.434,88.629997,34.7176,450.17,3702.07,8092.4,284.92,13.2
2020-04-23,16.67 ,"87,854.00 ",15.23 ,1.79 ,1.8160 ,86177.0000,41.38,1725.40,23515.2598,2797.8000,2838.4994,35.95,100.535,86.790001,34.8719,453.46,3695.78,7951.66,284.25,13.2
2020-04-22,14.17 ,"117,346.00 ",12.22 ,1.80 ,1.9100 ,146824.0000,41.98,1673.60,23475.8203,2799.3101,2843.9804,35.83,100.528,87.389999,32.7192,446.7,3562.71,7840.59,275.76,13.2
2020-04-21,13.15 ,"242,516.00 ",14.63 ,1.80 ,1.8280 ,247507.0000,45.41,1701.10,23018.8809,2736.5601,2827.0133,35.34,100.374,84.150002,30.0634,433.7,3410.46,7844.37,266.53,13.2
2020-04-20,-6.89 ,"28,032.00 ",14.19 ,1.69 ,1.9380 ,214783.0000,43.83,1686.50,23650.4395,2823.1599,2852.5528,36.25,100.058,87.830002,40.6336,472.02,3448.39,7969.73,270.91,13.2
2020-04-17,18.20 ,"33,869.00 ",18.17 ,1.51 ,1.7620 ,185107.0000,38.15,1725.20,24242.4902,2874.5601,2838.4945,36.34,99.836,89.260002,45.0248,484.76,3495.49,8233.81,279.63,13.2
2020-04-16,20.00 ,"26,221.00 ",17.73 ,1.41 ,1.6870 ,209347.0000,40.11,1734.00,23537.6797,2799.5500,2819.9350,35.67,100.1,88.089996,45.1251,484.48,3119.19,7981.93,253.55,13.2
2020-04-15,20.11 ,"37,818.00 ",17.51 ,1.55 ,1.5910 ,139411.0000,40.84,1741.50,23504.3496,2783.3601,2811.1741,35.69,99.486,87.029999,45.1237,484.14,3298.79,8003.23,264.05,13.2
2020-04-14,20.75 ,"70,183.00 ",19.70 ,1.58 ,1.6330 ,163589.0000,37.76,1751.80,23949.7598,2846.0601,2827.2830,36.21,98.885,88.970001,47.5163,494.85,3466.99,8177.69,276.82,13.2
2020-04-13,22.55 ,"46,308.00 ",21.18 ,1.49 ,1.7270 ,172293.0000,41.17,1715.50,23390.7695,2761.6299,2783.0476,35.59,99.336,85.389999,48.3898,496.42,3492.13,8036.98,277.83,13.2
2020-04-09,23.47 ,"79,144.00 ",21.77 ,1.31 ,1.7460 ,176109.0000,41.67,1662.50,23719.3691,2789.8201,2825.9036,35.77,99.504,85.199997,46.5758,492.24,3509.62,8236.92,278.73,13.2
2020-04-08,26.17 ,"75,831.00 ",21.19 ,1.49 ,1.7930 ,194188.0000,43.35,1658.00,23433.5703,2749.9800,2815.3686,35.22,100.17,85.18,47.3064,489.94,3528.32,8152.39,281.12,13.2
2020-04-07,24.35 ,"79,463.00 ",22.67 ,1.48 ,1.9080 ,224737.0000,46.70,1690.80,22653.8594,2659.4099,2820.7634,35.38,99.914,82.949997,45.202,484.35,3259.74,7865.49,263.33,13.2
2020-04-06,26.40 ,"42,897.00 ",23.48 ,1.40 ,1.7490 ,166277.0000,45.24,1634.20,22679.9902,2663.6799,2763.9874,34.42,100.755,83.699997,46.0243,481.19,3195.19,7837.69,258.11,13.2
2020-04-03,28.94 ,"54,524.00 ",23.01 ,1.35 ,1.6590 ,143914.0000,46.80,1627.00,21052.5293,2488.6499,2763.9874,33.51,100.677,77.120003,47.5774,480.15,3047.89,7305.31,245.35,13.2
2020-04-02,24.85 ,"65,318.00 ",18.91 ,1.31 ,1.5510 ,155341.0000,50.91,1590.00,21413.4395,2526.8999,2780.6379,33.79,100.271,78.330002,43.0789,471.02,3029.02,7445.71,248.68,13.2
2020-04-01,21.15 ,"47,210.00 ",16.87 ,1.38 ,1.5900 ,132272.0000,57.06,1577.10,20943.5098,2470.5000,2734.5215,33.32,99.753,76.540001,37.1705,455.42,2774.63,7352.58,228.21,14.7
2020-03-31,20.17 ,"35,086.00 ",22.61 ,1.60 ,1.6430 ,132129.0000,53.54,1617.90,21917.1602,2584.5901,2750.2962,34.18,99.092,80.370003,38.7905,467.93,2942.27,7732.32,239.56,14.7
2020-03-30,20.36 ,"68,757.00 ",21.66 ,1.44 ,1.7020 ,98568.0000,57.08,1660.50,22327.4805,2626.6499,2747.2138,33.52,99.281,81.900002,38.771,467.64,2867.26,7790.91,235.5,14.7
2020-03-27,21.95 ,"67,566.00 ",24.26 ,1.12 ,1.6690 ,109589.0000,65.54,1635.50,21636.7793,2541.4700,2772.2033,33.91,98.537,78.589996,40.602,473.97,2870.14,7699.18,233.4,14.7
2020-03-26,23.20 ,"70,860.00 ",26.04 ,1.28 ,1.6950 ,117769.0000,61.00,1657.50,22552.1699,2630.0701,2764.9109,34.29,99.453,82.309998,41.5819,478.73,3072,8045.47,250.55,14.7
2020-03-25,24.21 ,"53,720.00 ",26.94 ,1.38 ,1.6610 ,40219.0000,63.95,1556.50,21200.5508,2475.5601,2781.5913,33.67,100.997,77.510002,43.6314,485.3,2945.01,7724.87,236.2,14.7
2020-03-24,24.31 ,"71,833.00 ",26.53 ,1.66 ,1.6780 ,77255.0000,61.67,1483.50,20704.9102,2447.3301,2722.4381,32.27,102.247,77.610001,42.8539,483.33,2852.79,7540.8,226.37,14.7
2020-03-23,23.80 ,"73,480.00 ",24.72 ,1.41 ,1.5860 ,120286.0000,61.59,1476.00,18591.9297,2237.3999,2660.1674,30.51,103.24,70.400002,41.5852,471.04,2481.57,6703.63,195.09,14.7
2020-03-20,23.61 ,"91,783.00 ",28.57 ,1.51 ,1.5770 ,139912.0000,66.04,1488.20,19173.9805,2304.9199,2745.6182,32.32,103.502,71.419998,41.6462,466.17,2691.39,6837.72,209.31,14.7
2020-03-19,25.48 ,"5,621.00 ",26.73 ,1.24 ,1.6500 ,162363.0000,72.00,1525.50,20087.1895,2409.3899,2702.1296,30.84,103.605,74.849998,44.5799,471.24,2622.85,7078.73,207.13,14.7
2020-03-18,22.20 ,"39,020.00 ",27.31 ,1.30 ,1.6350 ,204438.0000,76.45,1502.60,19898.9199,2398.1001,2728.7563,31.68,101.543,74.580002,38.9785,451.81,2417.04,6971.44,193.83,14.7
2020-03-17,26.93 ,"60,989.00 ",30.36 ,1.47 ,1.7200 ,141423.0000,75.91,1517.80,21237.3809,2529.1899,2779.6407,33.25,99.804,77.5,45.8954,477.19,2665.03,7468.23,225.79,14.7
2020-03-16,28.65 ,"53,323.00 ",30.63 ,1.46 ,1.8040 ,152067.0000,82.69,1575.00,20188.5195,2386.1299,2789.2537,33.39,98.24,72.559998,47.8144,483.99,2744.85,7023.44,224.75,14.7
2020-03-13,33.42 ,"57,205.00 ",34.14 ,1.67 ,1.8830 ,210791.0000,57.83,1636.50,23185.6191,2711.0200,2887.4265,35.85,98.764,84.190002,52.941,507.73,3188.34,7939.4,259.74,14.7
2020-03-12,31.05 ,"89,097.00 ",33.25 ,1.51 ,1.8190 ,260199.0000,75.47,1647.00,21200.6191,2480.6399,2923.4856,35.52,97.464,75.349998,52.8325,512.49,2811.74,7259.02,238.26,14.7
2020-03-11,33.01 ,"57,270.00 ",35.54 ,1.69 ,1.8820 ,296710.0000,53.90,1672.90,23553.2207,2741.3799,2968.5174,38.08,96.492,83.5,55.8868,529.73,3250.32,8126.09,271.3,14.7
2020-03-10,34.70 ,"71,393.00 ",35.71 ,1.58 ,1.9240 ,319153.0000,47.30,1673.50,25018.1602,2882.2300,2996.7618,38.80,96.389,87.639999,57.3023,537.44,3566.29,8520.84,287.01,14.7
2020-03-09,30.15 ,"137,700.00 ",34.71 ,1.43 ,1.8190 ,263705.0000,54.46,1668.20,23851.0195,2746.5601,2943.2907,38.11,94.87,82.160004,52.9028,523.67,3349.66,8083.49,273.06,14.7
2020-03-06,41.55 ,"87,058.00 ",48.33 ,1.54 ,1.7310 ,188207.0000,41.94,1640.00,25864.7793,2972.3701,3034.5113,40.69,95.934,88.910004,65.7084,557.16,4505.95,8956.06,344.29,14.7
2020-03-05,46.10 ,"38,100.00 ",51.74 ,1.67 ,1.7570 ,141260.0000,39.62,1634.50,26121.2793,3023.9399,3071.6771,41.79,96.79,90.830002,72.0832,575.66,4882.73,9010.92,365.56,14.7
2020-03-04,47.19 ,"37,355.00 ",51.99 ,1.66 ,1.8350 ,128687.0000,31.99,1586.10,27090.8594,3130.1201,3011.6657,41.73,97.307,93.790001,73.6419,580.93,5100.95,9512.05,379.54,14.7
2020-03-03,46.99 ,"54,348.00 ",52.65 ,1.65 ,1.8060 ,195284.0000,36.82,1582.20,25917.4102,3003.3701,2992.8968,41.32,97.122,89.93,73.9711,580.97,5037.8,9200.67,371.74,14.7
2020-03-02,47.79 ,"51,527.00 ",51.65 ,1.53 ,1.7570 ,183402.0000,33.42,1641.20,26703.3203,3090.2300,2970.9312,40.89,97.319,93.480003,73.5168,576.29,5176.19,9475.68,383.9,14.7
2020-02-28,45.29 ,"61,262.00 ",50.16 ,1.67 ,1.7010 ,205887.0000,40.11,1636.40,25409.3594,2954.2200,2880.3038,40.41,98.081,88.370003,70.5452,563.68,5133.23,9388.19,373.35,4.4
2020-02-27,46.29 ,"66,723.00 ",51.89 ,1.78 ,1.7380 ,242291.0000,39.16,1634.60,25766.6406,2978.7600,2991.3288,41.42,98.461,87.699997,73.3071,575.55,4996.7,9484.44,368.46,4.4
2020-02-26,48.64 ,"58,231.00 ",54.01 ,1.90 ,1.8230 ,155787.0000,27.56,1660.80,26957.5898,3116.3899,2987.9287,41.92,98.938,92.699997,75.5676,584.27,5311.42,9840.89,390.01,4.4
2020-02-25,50.05 ,"42,794.00 ",55.88 ,1.75 ,1.8420 ,141941.0000,27.85,1642.40,27081.3594,3128.2100,3013.0501,42.45,98.901,92.279999,77.691,589.81,5543.4,10061.46,402.25,4.4
2020-02-24,51.32 ,"44,139.00 ",56.11 ,1.68 ,1.8370 ,70969.0000,25.03,1618.70,27960.8008,3225.8899,3031.2333,42.39,99.284,95.330002,79.6527,595.71,5823.67,10509.92,420.69,4.4
2020-02-21,53.44 ,"48,121.00 ",58.17 ,1.90 ,1.9060 ,134568.0000,17.08,1609.90,28992.4102,3337.7500,3039.6692,43.56,99.188,99.440002,82.7433,607.92,6145.69,10908.94,441.55,4.4
2020-02-20,53.76 ,"53,018.00 ",58.94 ,2.24 ,1.9160 ,245537.0000,15.56,1600.90,29219.9805,3373.2300,3030.1542,43.99,99.776,101.720001,83.7296,608.81,6248.41,11032.96,447.62,4.4
2020-02-19,53.35 ,"8,048.00 ",58.35 ,2.33 ,1.9670 ,226258.0000,14.38,1581.80,29348.0293,3386.1499,2975.4019,44.34,99.597,102.790001,83.5973,610.97,6230.24,10943.24,448,4.4
2020-02-18,52.10 ,"27,018.00 ",56.68 ,2.02 ,1.9690 ,292608.0000,14.83,1572.50,29232.1895,3370.2900,2984.9716,44.00,99.333,101.580002,81.9266,606.47,6085.15,10865.58,442.22,4.4
2020-02-14,52.22 ,"40,502.00 ",56.73 ,1.87 ,1.8500 ,178300.0000,13.68,1568.70,29398.0801,3380.1599,2917.0077,44.43,99.003,101.959999,81.5648,601.92,6138.75,10862.92,445.86,4.4
2020-02-13,51.52 ,"53,232.00 ",55.86 ,2.44 ,1.8290 ,225140.0000,14.15,1566.90,29423.3105,3373.9399,2906.0735,44.42,98.958,101.519997,80.7234,600.8,6192.22,10994.14,449.26,4.4
2020-02-12,51.75 ,"53,861.00 ",55.54 ,1.82 ,1.8500 ,248331.0000,13.74,1573.70,29551.4199,3379.4500,2926.8991,44.57,98.922,101.790001,80.2047,598.11,6224.18,11003.45,451.43,4.4
2020-02-11,49.99 ,"45,073.00 ",54.16 ,1.81 ,1.7910 ,226387.0000,15.18,1570.00,29276.3398,3357.7500,2901.6744,44.16,98.594,100.699997,77.7978,590.41,6134.37,10902.72,445.33,4.4
2020-02-10,49.63 ,"46,683.00 ",54.21 ,1.76 ,1.7690 ,287673.0000,15.04,1565.60,29276.8203,3352.0901,2890.4878,43.65,98.714,101.040001,76.9662,587.4,6078.17,10866.58,440.88,4.4
2020-02-07,50.34 ,"48,828.00 ",55.11 ,1.84 ,1.8500 ,222719.0000,15.47,1555.20,29102.5098,3327.7100,2875.9636,43.84,98.571,99.690002,78.356,590.91,6157.32,10857.73,445.02,4.4
2020-02-06,51.09 ,"38,917.00 ",55.72 ,1.86 ,1.8650 ,174131.0000,14.96,1551.50,29379.7695,3345.7800,2866.5097,44.27,98.381,100.610001,78.7445,592,6236.64,10874.4,448.47,4.4
2020-02-05,51.17 ,"42,187.00 ",54.99 ,1.72 ,1.8670 ,174844.0000,15.15,1576.10,29290.8496,3334.6899,2818.0878,43.76,98.158,99.699997,78.6348,590.6,6338.9,10928.84,453.6,4.4
2020-02-04,49.50 ,"39,487.00 ",54.66 ,1.78 ,1.8750 ,158659.0000,16.05,1588.50,28807.6309,3297.5901,2783.2875,43.61,97.809,99.120003,76.8662,584.55,6072.96,10783.03,437.24,4.4
2020-02-03,49.90 ,"47,228.00 ",55.51 ,1.69 ,1.8230 ,148231.0000,17.97,1573.40,28399.8105,3248.9199,2746.6056,42.59,97.625,96.589996,77.1763,584.28,6049.47,10590.66,436.12,4.4
2020-01-31,51.58 ,"40,794.00 ",58.94 ,1.73 ,1.8430 ,128869.0000,18.84,1576.40,28256.0293,3225.5200,2976.5281,42.67,97.213,95.330002,79.5559,591.36,6152.87,10566.74,441.78,3.5
2020-01-30,52.90 ,"43,757.00 ",58.80 ,1.89 ,1.8320 ,195471.0000,15.49,1578.20,28859.4395,3283.6599,2976.5281,43.09,97.706,98.019997,80.3124,593.95,6336.45,10833.17,455.88,3.5
2020-01-17,58.57 ,"10,735.00 ",65.58 ,3.58 ,2.0030 ,201575.0000,12.10,1544.80,29348.0996,3329.6201,3075.4955,46.07,97.359,97.120003,89.6824,634.91,7003.64,11278.85,489.91,3.5
2020-01-16,58.51 ,"27,627.00 ",65.62 ,2.66 ,2.0760 ,197537.0000,12.32,1548.90,29297.6406,3316.8101,3074.0814,45.82,97.062,96.470001,89.9327,632.95,7057.42,11304.97,493.17,3.5
2020-01-15,58.02 ,"37,097.00 ",65.32 ,2.16 ,2.1240 ,210609.0000,12.42,1558.80,29030.2207,3289.2900,3090.0379,45.71,96.96,95.190002,89.3774,635.03,7054.31,11195.39,492.62,3.5
2020-01-14,58.20 ,"45,554.00 ",65.63 ,2.05 ,2.1790 ,248407.0000,12.39,1548.80,28939.6699,3283.1499,3106.8204,45.95,97.094,95.080002,90.2964,637.65,7112.7,11164.51,495.99,3.5
2020-01-13,58.13 ,"51,776.00 ",66.07 ,2.02 ,2.1900 ,208380.0000,12.32,1552.30,28907.0508,3288.1299,3115.5696,45.96,97.06,95.529999,90.0991,636.65,7057.13,11062.74,495.68,3.5
2020-01-10,59.14 ,"44,054.00 ",67.02 ,1.67 ,2.2070 ,252594.0000,12.56,1576.30,28823.7695,3265.3501,3092.2907,45.55,97.078,94.349998,91.4132,639.6,7100.41,10973.88,495.39,3.5
2020-01-09,59.59 ,"51,488.00 ",67.24 ,1.84 ,2.1660 ,202802.0000,12.54,1565.50,28956.9004,3274.7000,3094.8819,45.38,97.162,94.57,91.9107,638,7159.82,11025.82,498.55,3.5
2020-01-08,60.00 ,"67,732.00 ",69.58 ,2.17 ,2.1510 ,207012.0000,13.45,1551.70,28745.0898,3253.0500,3066.8925,44.66,96.996,93.510002,92.1462,638.33,7092.06,10983.64,494.9,3.5
2020-01-07,62.82 ,"47,964.00 ",69.60 ,2.25 ,2.1540 ,144422.0000,13.79,1527.30,28583.6797,3237.1799,3104.8015,44.83,96.702,92.519997,96.0505,646.91,7289.95,10887.56,504.23,3.5
2020-01-06,62.93 ,"43,309.00 ",70.87 ,2.24 ,2.1490 ,138798.0000,13.85,1516.90,28703.3809,3246.2800,3083.4083,44.70,96.35,92.559998,96.7582,647.86,7219.04,10848.73,505.18,3.5
2020-01-03,63.06 ,"68,042.00 ",69.38 ,2.09 ,2.1140 ,138619.0000,14.02,1513.80,28634.8809,3234.8501,3083.7858,45.15,96.521,92.339996,96.5977,646.19,7135.28,10911.4,501.3,3.5
2020-01-02,61.20 ,"27,818.00 ",67.13 ,1.86 ,2.1300 ,152564.0000,12.47,1513.90,28868.8008,3257.8501,3085.1976,45.33,96.525,93.389999,93.9823,642.81,7138.82,10994.31,502.62,3.5
